timestamp,planner,seed,map,max_ticks,ticks_used,robots_requested,robots_spawned,dynamic_obstacles_requested,dynamic_obstacles_final,static_obstacles,total_obstacles_final,robots_completed,robots_failed,completion_rate,completion_success,collision_free,safe_success,safe_success_rate,makespan,average_completion_time,throughput,total_steps,completed_steps,average_steps_per_robot,average_steps_per_completed_robot,metrics_total_steps,total_collisions,total_conflicts,blocked_intents,actual_waits,total_replans,replan_rate,avg_blocked_ticks_per_robot,max_consecutive_blocked,q_table_path,q_states,q_epsilon,q_training,q_decisions,q_updates,q_wait_actions,q_yield_actions,q_replan_actions,metrics_collision_count,metrics_wait_count,metrics_replan_count
2026-06-30T06:42:10,astar,33,scenarios\warehouse-10-20-10-2-1.map,1000,199,10,10,10,0,4444,4444,10,0,1.0,True,False,False,0.0,199,154.6,0.05025125628140704,1546,1546,154.6,154.6,1546,1,1,0,0,0,0.0,0.0,0,,0,0.0,False,0,0,0,0,0,1,0,0
2026-06-30T06:42:10,astar,34,scenarios\warehouse-10-20-10-2-1.map,1000,185,10,10,10,0,4444,4444,10,0,1.0,True,False,False,0.0,185,150.9,0.05405405405405406,1509,1509,150.9,150.9,1509,2,2,0,0,0,0.0,0.0,0,,0,0.0,False,0,0,0,0,0,2,0,0
2026-06-30T06:42:10,astar,35,scenarios\warehouse-10-20-10-2-1.map,1000,197,10,10,10,0,4444,4444,10,0,1.0,True,True,True,1.0,197,173.0,0.050761421319796954,1730,1730,173.0,173.0,1730,0,0,0,0,0,0.0,0.0,0,,0,0.0,False,0,0,0,0,0,0,0,0
2026-06-30T06:42:11,astar,36,scenarios\warehouse-10-20-10-2-1.map,1000,196,10,10,10,0,4444,4444,10,0,1.0,True,False,False,0.0,196,157.4,0.05102040816326531,1574,1574,157.4,157.4,1574,1,1,0,0,0,0.0,0.0,0,,0,0.0,False,0,0,0,0,0,1,0,0
2026-06-30T06:42:11,astar,37,scenarios\warehouse-10-20-10-2-1.map,1000,166,10,10,10,0,4444,4444,10,0,1.0,True,False,False,0.0,166,154.9,0.060240963855421686,1549,1549,154.9,154.9,1549,1,1,0,0,0,0.0,0.0,0,,0,0.0,False,0,0,0,0,0,1,0,0
2026-06-30T06:42:11,astar,38,scenarios\warehouse-10-20-10-2-1.map,1000,177,10,10,10,0,4444,4444,10,0,1.0,True,False,False,0.0,177,159.4,0.05649717514124294,1594,1594,159.4,159.4,1594,2,2,0,0,0,0.0,0.0,0,,0,0.0,False,0,0,0,0,0,2,0,0
2026-06-30T06:42:11,astar,39,scenarios\warehouse-10-20-10-2-1.map,1000,173,10,10,10,0,4444,4444,10,0,1.0,True,False,False,0.0,173,155.0,0.057803468208092484,1550,1550,155.0,155.0,1550,2,2,0,0,0,0.0,0.0,0,,0,0.0,False,0,0,0,0,0,2,0,0
2026-06-30T06:42:11,astar,40,scenarios\warehouse-10-20-10-2-1.map,1000,184,10,10,10,0,4444,4444,10,0,1.0,True,True,True,1.0,184,163.9,0.05434782608695652,1639,1639,163.9,163.9,1639,0,0,0,0,0,0.0,0.0,0,,0,0.0,False,0,0,0,0,0,0,0,0
2026-06-30T06:42:11,astar,41,scenarios\warehouse-10-20-10-2-1.map,1000,199,10,10,10,0,4444,4444,10,0,1.0,True,False,False,0.0,199,167.7,0.05025125628140704,1677,1677,167.7,167.7,1677,3,3,0,0,0,0.0,0.0,0,,0,0.0,False,0,0,0,0,0,3,0,0
2026-06-30T06:42:11,astar,42,scenarios\warehouse-10-20-10-2-1.map,1000,192,10,10,10,0,4444,4444,10,0,1.0,True,False,False,0.0,192,156.0,0.052083333333333336,1560,1560,156.0,156.0,1560,1,1,0,0,0,0.0,0.0,0,,0,0.0,False,0,0,0,0,0,1,0,0
2026-06-30T06:42:12,astar,43,scenarios\warehouse-10-20-10-2-1.map,1000,178,10,10,10,0,4444,4444,10,0,1.0,True,True,True,1.0,178,147.6,0.056179775280898875,1476,1476,147.6,147.6,1476,0,0,0,0,0,0.0,0.0,0,,0,0.0,False,0,0,0,0,0,0,0,0
2026-06-30T06:42:12,astar,44,scenarios\warehouse-10-20-10-2-1.map,1000,182,10,10,10,0,4444,4444,10,0,1.0,True,True,True,1.0,182,150.9,0.054945054945054944,1509,1509,150.9,150.9,1509,0,0,0,0,0,0.0,0.0,0,,0,0.0,False,0,0,0,0,0,0,0,0
2026-06-30T06:42:12,astar,45,scenarios\warehouse-10-20-10-2-1.map,1000,204,10,10,10,0,4444,4444,10,0,1.0,True,True,True,1.0,204,162.2,0.049019607843137254,1622,1622,162.2,162.2,1622,0,0,0,0,0,0.0,0.0,0,,0,0.0,False,0,0,0,0,0,0,0,0
2026-06-30T06:42:12,astar,46,scenarios\warehouse-10-20-10-2-1.map,1000,177,10,10,10,0,4444,4444,10,0,1.0,True,False,False,0.0,177,153.1,0.05649717514124294,1531,1531,153.1,153.1,1531,1,1,0,0,0,0.0,0.0,0,,0,0.0,False,0,0,0,0,0,1,0,0
2026-06-30T06:42:12,astar,47,scenarios\warehouse-10-20-10-2-1.map,1000,204,10,10,10,0,4444,4444,10,0,1.0,True,True,True,1.0,204,164.0,0.049019607843137254,1640,1640,164.0,164.0,1640,0,0,0,0,0,0.0,0.0,0,,0,0.0,False,0,0,0,0,0,0,0,0
2026-06-30T06:42:12,astar,48,scenarios\warehouse-10-20-10-2-1.map,1000,178,10,10,10,0,4444,4444,10,0,1.0,True,False,False,0.0,178,160.1,0.056179775280898875,1601,1601,160.1,160.1,1601,1,1,0,0,0,0.0,0.0,0,,0,0.0,False,0,0,0,0,0,1,0,0
2026-06-30T06:42:13,astar,49,scenarios\warehouse-10-20-10-2-1.map,1000,171,10,10,10,0,4444,4444,10,0,1.0,True,True,True,1.0,171,152.6,0.05847953216374269,1526,1526,152.6,152.6,1526,0,0,0,0,0,0.0,0.0,0,,0,0.0,False,0,0,0,0,0,0,0,0
2026-06-30T06:42:13,astar,50,scenarios\warehouse-10-20-10-2-1.map,1000,194,10,10,10,0,4444,4444,10,0,1.0,True,True,True,1.0,194,163.4,0.05154639175257732,1634,1634,163.4,163.4,1634,0,0,0,0,0,0.0,0.0,0,,0,0.0,False,0,0,0,0,0,0,0,0
2026-06-30T06:42:13,astar,51,scenarios\warehouse-10-20-10-2-1.map,1000,191,10,10,10,0,4444,4444,10,0,1.0,True,True,True,1.0,191,151.4,0.05235602094240838,1514,1514,151.4,151.4,1514,0,0,0,0,0,0.0,0.0,0,,0,0.0,False,0,0,0,0,0,0,0,0
2026-06-30T06:42:13,astar,52,scenarios\warehouse-10-20-10-2-1.map,1000,193,10,10,10,0,4444,4444,10,0,1.0,True,False,False,0.0,193,158.2,0.05181347150259067,1582,1582,158.2,158.2,1582,2,2,0,0,0,0.0,0.0,0,,0,0.0,False,0,0,0,0,0,2,0,0
2026-06-30T06:42:13,astar,53,scenarios\warehouse-10-20-10-2-1.map,1000,172,10,10,10,0,4444,4444,10,0,1.0,True,False,False,0.0,172,149.2,0.05813953488372093,1492,1492,149.2,149.2,1492,1,1,0,0,0,0.0,0.0,0,,0,0.0,False,0,0,0,0,0,1,0,0
2026-06-30T06:42:13,astar,54,scenarios\warehouse-10-20-10-2-1.map,1000,195,10,10,10,0,4444,4444,10,0,1.0,True,False,False,0.0,195,156.3,0.05128205128205128,1563,1563,156.3,156.3,1563,1,1,0,0,0,0.0,0.0,0,,0,0.0,False,0,0,0,0,0,1,0,0
2026-06-30T06:42:13,astar,55,scenarios\warehouse-10-20-10-2-1.map,1000,197,10,10,10,0,4444,4444,10,0,1.0,True,False,False,0.0,197,161.4,0.050761421319796954,1614,1614,161.4,161.4,1614,1,1,0,0,0,0.0,0.0,0,,0,0.0,False,0,0,0,0,0,1,0,0
2026-06-30T06:42:14,astar,56,scenarios\warehouse-10-20-10-2-1.map,1000,186,10,10,10,0,4444,4444,10,0,1.0,True,True,True,1.0,186,166.0,0.053763440860215055,1660,1660,166.0,166.0,1660,0,0,0,0,0,0.0,0.0,0,,0,0.0,False,0,0,0,0,0,0,0,0
2026-06-30T06:42:14,astar,57,scenarios\warehouse-10-20-10-2-1.map,1000,172,10,10,10,0,4444,4444,10,0,1.0,True,False,False,0.0,172,149.0,0.05813953488372093,1490,1490,149.0,149.0,1490,1,1,0,0,0,0.0,0.0,0,,0,0.0,False,0,0,0,0,0,1,0,0
2026-06-30T06:42:14,astar,58,scenarios\warehouse-10-20-10-2-1.map,1000,176,10,10,10,0,4444,4444,10,0,1.0,True,False,False,0.0,176,152.2,0.056818181818181816,1522,1522,152.2,152.2,1522,1,1,0,0,0,0.0,0.0,0,,0,0.0,False,0,0,0,0,0,1,0,0
2026-06-30T06:42:14,astar,59,scenarios\warehouse-10-20-10-2-1.map,1000,203,10,10,10,0,4444,4444,10,0,1.0,True,False,False,0.0,203,153.6,0.04926108374384237,1536,1536,153.6,153.6,1536,3,3,0,0,0,0.0,0.0,0,,0,0.0,False,0,0,0,0,0,3,0,0
2026-06-30T06:42:14,astar,60,scenarios\warehouse-10-20-10-2-1.map,1000,185,10,10,10,0,4444,4444,10,0,1.0,True,True,True,1.0,185,155.7,0.05405405405405406,1557,1557,155.7,155.7,1557,0,0,0,0,0,0.0,0.0,0,,0,0.0,False,0,0,0,0,0,0,0,0
2026-06-30T06:42:14,astar,61,scenarios\warehouse-10-20-10-2-1.map,1000,177,10,10,10,0,4444,4444,10,0,1.0,True,True,True,1.0,177,162.3,0.05649717514124294,1623,1623,162.3,162.3,1623,0,0,0,0,0,0.0,0.0,0,,0,0.0,False,0,0,0,0,0,0,0,0
2026-06-30T06:42:14,astar,62,scenarios\warehouse-10-20-10-2-1.map,1000,187,10,10,10,0,4444,4444,10,0,1.0,True,False,False,0.0,187,157.1,0.053475935828877004,1571,1571,157.1,157.1,1571,1,1,0,0,0,0.0,0.0,0,,0,0.0,False,0,0,0,0,0,1,0,0
2026-06-30T06:42:15,astar,33,scenarios\warehouse-10-20-10-2-1.map,1000,187,20,20,10,0,4444,4444,20,0,1.0,True,False,False,0.0,187,155.25,0.10695187165775401,3105,3105,155.25,155.25,3105,7,7,0,0,0,0.0,0.0,0,,0,0.0,False,0,0,0,0,0,7,0,0
2026-06-30T06:42:15,astar,34,scenarios\warehouse-10-20-10-2-1.map,1000,187,20,20,10,0,4444,4444,20,0,1.0,True,False,False,0.0,187,155.4,0.10695187165775401,3108,3108,155.4,155.4,3108,5,5,0,0,0,0.0,0.0,0,,0,0.0,False,0,0,0,0,0,5,0,0
2026-06-30T06:42:15,astar,35,scenarios\warehouse-10-20-10-2-1.map,1000,198,20,20,10,0,4444,4444,20,0,1.0,True,False,False,0.0,198,167.1,0.10101010101010101,3342,3342,167.1,167.1,3342,133,133,0,0,0,0.0,0.0,0,,0,0.0,False,0,0,0,0,0,133,0,0
2026-06-30T06:42:15,astar,36,scenarios\warehouse-10-20-10-2-1.map,1000,191,20,20,10,0,4444,4444,20,0,1.0,True,False,False,0.0,191,152.55,0.10471204188481675,3051,3051,152.55,152.55,3051,7,7,0,0,0,0.0,0.0,0,,0,0.0,False,0,0,0,0,0,7,0,0
2026-06-30T06:42:16,astar,37,scenarios\warehouse-10-20-10-2-1.map,1000,200,20,20,10,0,4444,4444,20,0,1.0,True,False,False,0.0,200,160.05,0.1,3201,3201,160.05,160.05,3201,1,1,0,0,0,0.0,0.0,0,,0,0.0,False,0,0,0,0,0,1,0,0
2026-06-30T06:42:16,astar,38,scenarios\warehouse-10-20-10-2-1.map,1000,187,20,20,10,0,4444,4444,20,0,1.0,True,False,False,0.0,187,155.2,0.10695187165775401,3104,3104,155.2,155.2,3104,7,7,0,0,0,0.0,0.0,0,,0,0.0,False,0,0,0,0,0,7,0,0
2026-06-30T06:42:16,astar,39,scenarios\warehouse-10-20-10-2-1.map,1000,189,20,20,10,0,4444,4444,20,0,1.0,True,False,False,0.0,189,158.6,0.10582010582010581,3172,3172,158.6,158.6,3172,4,4,0,0,0,0.0,0.0,0,,0,0.0,False,0,0,0,0,0,4,0,0
2026-06-30T06:42:16,astar,40,scenarios\warehouse-10-20-10-2-1.map,1000,186,20,20,10,0,4444,4444,20,0,1.0,True,False,False,0.0,186,155.5,0.10752688172043011,3110,3110,155.5,155.5,3110,5,5,0,0,0,0.0,0.0,0,,0,0.0,False,0,0,0,0,0,5,0,0
2026-06-30T06:42:16,astar,41,scenarios\warehouse-10-20-10-2-1.map,1000,198,20,20,10,0,4444,4444,20,0,1.0,True,False,False,0.0,198,158.4,0.10101010101010101,3168,3168,158.4,158.4,3168,88,88,0,0,0,0.0,0.0,0,,0,0.0,False,0,0,0,0,0,88,0,0
2026-06-30T06:42:17,astar,42,scenarios\warehouse-10-20-10-2-1.map,1000,181,20,20,10,0,4444,4444,20,0,1.0,True,False,False,0.0,181,154.85,0.11049723756906077,3097,3097,154.85,154.85,3097,123,123,0,0,0,0.0,0.0,0,,0,0.0,False,0,0,0,0,0,123,0,0
2026-06-30T06:42:17,astar,43,scenarios\warehouse-10-20-10-2-1.map,1000,189,20,20,10,0,4444,4444,20,0,1.0,True,False,False,0.0,189,159.4,0.10582010582010581,3188,3188,159.4,159.4,3188,5,5,0,0,0,0.0,0.0,0,,0,0.0,False,0,0,0,0,0,5,0,0
2026-06-30T06:42:18,astar,44,scenarios\warehouse-10-20-10-2-1.map,1000,195,20,20,10,0,4444,4444,20,0,1.0,True,False,False,0.0,195,162.3,0.10256410256410256,3246,3246,162.3,162.3,3246,5,5,0,0,0,0.0,0.0,0,,0,0.0,False,0,0,0,0,0,5,0,0
2026-06-30T06:42:18,astar,45,scenarios\warehouse-10-20-10-2-1.map,1000,184,20,20,10,0,4444,4444,20,0,1.0,True,False,False,0.0,184,149.15,0.10869565217391304,2983,2983,149.15,149.15,2983,1,1,0,0,0,0.0,0.0,0,,0,0.0,False,0,0,0,0,0,1,0,0
2026-06-30T06:42:18,astar,46,scenarios\warehouse-10-20-10-2-1.map,1000,193,20,20,10,0,4444,4444,20,0,1.0,True,False,False,0.0,193,159.85,0.10362694300518134,3197,3197,159.85,159.85,3197,4,4,0,0,0,0.0,0.0,0,,0,0.0,False,0,0,0,0,0,4,0,0
2026-06-30T06:42:18,astar,47,scenarios\warehouse-10-20-10-2-1.map,1000,184,20,20,10,0,4444,4444,20,0,1.0,True,False,False,0.0,184,155.7,0.10869565217391304,3114,3114,155.7,155.7,3114,8,8,0,0,0,0.0,0.0,0,,0,0.0,False,0,0,0,0,0,8,0,0
2026-06-30T06:42:19,astar,48,scenarios\warehouse-10-20-10-2-1.map,1000,189,20,20,10,0,4444,4444,20,0,1.0,True,False,False,0.0,189,161.1,0.10582010582010581,3222,3222,161.1,161.1,3222,6,6,0,0,0,0.0,0.0,0,,0,0.0,False,0,0,0,0,0,6,0,0
2026-06-30T06:42:19,astar,49,scenarios\warehouse-10-20-10-2-1.map,1000,195,20,20,10,0,4444,4444,20,0,1.0,True,False,False,0.0,195,157.75,0.10256410256410256,3155,3155,157.75,157.75,3155,4,4,0,0,0,0.0,0.0,0,,0,0.0,False,0,0,0,0,0,4,0,0
2026-06-30T06:42:19,astar,50,scenarios\warehouse-10-20-10-2-1.map,1000,186,20,20,10,0,4444,4444,20,0,1.0,True,False,False,0.0,186,155.0,0.10752688172043011,3100,3100,155.0,155.0,3100,3,3,0,0,0,0.0,0.0,0,,0,0.0,False,0,0,0,0,0,3,0,0
2026-06-30T06:42:19,astar,51,scenarios\warehouse-10-20-10-2-1.map,1000,189,20,20,10,0,4444,4444,20,0,1.0,True,False,False,0.0,189,160.6,0.10582010582010581,3212,3212,160.6,160.6,3212,2,2,0,0,0,0.0,0.0,0,,0,0.0,False,0,0,0,0,0,2,0,0
2026-06-30T06:42:20,astar,52,scenarios\warehouse-10-20-10-2-1.map,1000,209,20,20,10,0,4444,4444,20,0,1.0,True,False,False,0.0,209,158.75,0.09569377990430622,3175,3175,158.75,158.75,3175,3,3,0,0,0,0.0,0.0,0,,0,0.0,False,0,0,0,0,0,3,0,0
2026-06-30T06:42:20,astar,53,scenarios\warehouse-10-20-10-2-1.map,1000,194,20,20,10,0,4444,4444,20,0,1.0,True,False,False,0.0,194,152.8,0.10309278350515463,3056,3056,152.8,152.8,3056,133,133,0,0,0,0.0,0.0,0,,0,0.0,False,0,0,0,0,0,133,0,0
2026-06-30T06:42:20,astar,54,scenarios\warehouse-10-20-10-2-1.map,1000,191,20,20,10,0,4444,4444,20,0,1.0,True,False,False,0.0,191,157.35,0.10471204188481675,3147,3147,157.35,157.35,3147,4,4,0,0,0,0.0,0.0,0,,0,0.0,False,0,0,0,0,0,4,0,0
2026-06-30T06:42:20,astar,55,scenarios\warehouse-10-20-10-2-1.map,1000,196,20,20,10,0,4444,4444,20,0,1.0,True,False,False,0.0,196,153.25,0.10204081632653061,3065,3065,153.25,153.25,3065,4,4,0,0,0,0.0,0.0,0,,0,0.0,False,0,0,0,0,0,4,0,0
2026-06-30T06:42:20,astar,56,scenarios\warehouse-10-20-10-2-1.map,1000,203,20,20,10,0,4444,4444,20,0,1.0,True,False,False,0.0,203,162.5,0.09852216748768473,3250,3250,162.5,162.5,3250,5,5,0,0,0,0.0,0.0,0,,0,0.0,False,0,0,0,0,0,5,0,0
2026-06-30T06:42:21,astar,57,scenarios\warehouse-10-20-10-2-1.map,1000,188,20,20,10,0,4444,4444,20,0,1.0,True,False,False,0.0,188,152.7,0.10638297872340426,3054,3054,152.7,152.7,3054,8,8,0,0,0,0.0,0.0,0,,0,0.0,False,0,0,0,0,0,8,0,0
2026-06-30T06:42:21,astar,58,scenarios\warehouse-10-20-10-2-1.map,1000,197,20,20,10,0,4444,4444,20,0,1.0,True,False,False,0.0,197,154.4,0.10152284263959391,3088,3088,154.4,154.4,3088,8,8,0,0,0,0.0,0.0,0,,0,0.0,False,0,0,0,0,0,8,0,0
2026-06-30T06:42:21,astar,59,scenarios\warehouse-10-20-10-2-1.map,1000,182,20,20,10,0,4444,4444,20,0,1.0,True,False,False,0.0,182,154.5,0.10989010989010989,3090,3090,154.5,154.5,3090,6,6,0,0,0,0.0,0.0,0,,0,0.0,False,0,0,0,0,0,6,0,0
2026-06-30T06:42:21,astar,60,scenarios\warehouse-10-20-10-2-1.map,1000,191,20,20,10,0,4444,4444,20,0,1.0,True,False,False,0.0,191,160.7,0.10471204188481675,3214,3214,160.7,160.7,3214,1,1,0,0,0,0.0,0.0,0,,0,0.0,False,0,0,0,0,0,1,0,0
2026-06-30T06:42:21,astar,61,scenarios\warehouse-10-20-10-2-1.map,1000,185,20,20,10,0,4444,4444,20,0,1.0,True,False,False,0.0,185,162.05,0.10810810810810811,3241,3241,162.05,162.05,3241,5,5,0,0,0,0.0,0.0,0,,0,0.0,False,0,0,0,0,0,5,0,0
2026-06-30T06:42:22,astar,62,scenarios\warehouse-10-20-10-2-1.map,1000,196,20,20,10,0,4444,4444,20,0,1.0,True,False,False,0.0,196,152.4,0.10204081632653061,3048,3048,152.4,152.4,3048,3,3,0,0,0,0.0,0.0,0,,0,0.0,False,0,0,0,0,0,3,0,0
2026-06-30T06:42:22,astar,33,scenarios\warehouse-10-20-10-2-1.map,1000,178,30,30,10,0,4444,4444,30,0,1.0,True,False,False,0.0,178,150.76666666666668,0.16853932584269662,4523,4523,150.76666666666668,150.76666666666668,4523,9,9,0,0,0,0.0,0.0,0,,0,0.0,False,0,0,0,0,0,9,0,0
2026-06-30T06:42:22,astar,34,scenarios\warehouse-10-20-10-2-1.map,1000,187,30,30,10,0,4444,4444,30,0,1.0,True,False,False,0.0,187,152.63333333333333,0.16042780748663102,4579,4579,152.63333333333333,152.63333333333333,4579,11,11,0,0,0,0.0,0.0,0,,0,0.0,False,0,0,0,0,0,11,0,0
2026-06-30T06:42:22,astar,35,scenarios\warehouse-10-20-10-2-1.map,1000,202,30,30,10,0,4444,4444,30,0,1.0,True,False,False,0.0,202,163.1,0.1485148514851485,4893,4893,163.1,163.1,4893,12,12,0,0,0,0.0,0.0,0,,0,0.0,False,0,0,0,0,0,12,0,0
2026-06-30T06:42:23,astar,36,scenarios\warehouse-10-20-10-2-1.map,1000,191,30,30,10,0,4444,4444,30,0,1.0,True,False,False,0.0,191,154.26666666666668,0.15706806282722513,4628,4628,154.26666666666668,154.26666666666668,4628,14,14,0,0,0,0.0,0.0,0,,0,0.0,False,0,0,0,0,0,14,0,0
2026-06-30T06:42:23,astar,37,scenarios\warehouse-10-20-10-2-1.map,1000,188,30,30,10,0,4444,4444,30,0,1.0,True,False,False,0.0,188,156.2,0.1595744680851064,4686,4686,156.2,156.2,4686,125,125,0,0,0,0.0,0.0,0,,0,0.0,False,0,0,0,0,0,125,0,0
2026-06-30T06:42:23,astar,38,scenarios\warehouse-10-20-10-2-1.map,1000,189,30,30,10,0,4444,4444,30,0,1.0,True,False,False,0.0,189,153.4,0.15873015873015872,4602,4602,153.4,153.4,4602,16,16,0,0,0,0.0,0.0,0,,0,0.0,False,0,0,0,0,0,16,0,0
2026-06-30T06:42:23,astar,39,scenarios\warehouse-10-20-10-2-1.map,1000,198,30,30,10,0,4444,4444,30,0,1.0,True,False,False,0.0,198,157.66666666666666,0.15151515151515152,4730,4730,157.66666666666666,157.66666666666666,4730,13,13,0,0,0,0.0,0.0,0,,0,0.0,False,0,0,0,0,0,13,0,0
2026-06-30T06:42:24,astar,40,scenarios\warehouse-10-20-10-2-1.map,1000,190,30,30,10,0,4444,4444,30,0,1.0,True,False,False,0.0,190,159.93333333333334,0.15789473684210525,4798,4798,159.93333333333334,159.93333333333334,4798,16,16,0,0,0,0.0,0.0,0,,0,0.0,False,0,0,0,0,0,16,0,0
2026-06-30T06:42:24,astar,41,scenarios\warehouse-10-20-10-2-1.map,1000,192,30,30,10,0,4444,4444,30,0,1.0,True,False,False,0.0,192,158.23333333333332,0.15625,4747,4747,158.23333333333332,158.23333333333332,4747,163,163,0,0,0,0.0,0.0,0,,0,0.0,False,0,0,0,0,0,163,0,0
2026-06-30T06:42:24,astar,42,scenarios\warehouse-10-20-10-2-1.map,1000,209,30,30,10,0,4444,4444,30,0,1.0,True,False,False,0.0,209,155.9,0.14354066985645933,4677,4677,155.9,155.9,4677,15,15,0,0,0,0.0,0.0,0,,0,0.0,False,0,0,0,0,0,15,0,0
2026-06-30T06:42:24,astar,43,scenarios\warehouse-10-20-10-2-1.map,1000,188,30,30,10,0,4444,4444,30,0,1.0,True,False,False,0.0,188,158.73333333333332,0.1595744680851064,4762,4762,158.73333333333332,158.73333333333332,4762,28,28,0,0,0,0.0,0.0,0,,0,0.0,False,0,0,0,0,0,28,0,0
2026-06-30T06:42:25,astar,44,scenarios\warehouse-10-20-10-2-1.map,1000,195,30,30,10,0,4444,4444,30,0,1.0,True,False,False,0.0,195,158.36666666666667,0.15384615384615385,4751,4751,158.36666666666667,158.36666666666667,4751,8,8,0,0,0,0.0,0.0,0,,0,0.0,False,0,0,0,0,0,8,0,0
2026-06-30T06:42:25,astar,45,scenarios\warehouse-10-20-10-2-1.map,1000,196,30,30,10,0,4444,4444,30,0,1.0,True,False,False,0.0,196,157.3,0.15306122448979592,4719,4719,157.3,157.3,4719,25,25,0,0,0,0.0,0.0,0,,0,0.0,False,0,0,0,0,0,25,0,0
2026-06-30T06:42:25,astar,46,scenarios\warehouse-10-20-10-2-1.map,1000,214,30,30,10,0,4444,4444,30,0,1.0,True,False,False,0.0,214,158.2,0.14018691588785046,4746,4746,158.2,158.2,4746,118,118,0,0,0,0.0,0.0,0,,0,0.0,False,0,0,0,0,0,118,0,0
2026-06-30T06:42:26,astar,47,scenarios\warehouse-10-20-10-2-1.map,1000,198,30,30,10,0,4444,4444,30,0,1.0,True,False,False,0.0,198,160.5,0.15151515151515152,4815,4815,160.5,160.5,4815,10,10,0,0,0,0.0,0.0,0,,0,0.0,False,0,0,0,0,0,10,0,0
2026-06-30T06:42:26,astar,48,scenarios\warehouse-10-20-10-2-1.map,1000,189,30,30,10,0,4444,4444,30,0,1.0,True,False,False,0.0,189,152.43333333333334,0.15873015873015872,4573,4573,152.43333333333334,152.43333333333334,4573,3,3,0,0,0,0.0,0.0,0,,0,0.0,False,0,0,0,0,0,3,0,0
2026-06-30T06:42:26,astar,49,scenarios\warehouse-10-20-10-2-1.map,1000,199,30,30,10,0,4444,4444,30,0,1.0,True,False,False,0.0,199,159.3,0.1507537688442211,4779,4779,159.3,159.3,4779,10,10,0,0,0,0.0,0.0,0,,0,0.0,False,0,0,0,0,0,10,0,0
2026-06-30T06:42:26,astar,50,scenarios\warehouse-10-20-10-2-1.map,1000,195,30,30,10,0,4444,4444,30,0,1.0,True,False,False,0.0,195,156.23333333333332,0.15384615384615385,4687,4687,156.23333333333332,156.23333333333332,4687,10,10,0,0,0,0.0,0.0,0,,0,0.0,False,0,0,0,0,0,10,0,0
2026-06-30T06:42:27,astar,51,scenarios\warehouse-10-20-10-2-1.map,1000,215,30,30,10,0,4444,4444,30,0,1.0,True,False,False,0.0,215,159.0,0.13953488372093023,4770,4770,159.0,159.0,4770,11,11,0,0,0,0.0,0.0,0,,0,0.0,False,0,0,0,0,0,11,0,0
2026-06-30T06:42:27,astar,52,scenarios\warehouse-10-20-10-2-1.map,1000,209,30,30,10,0,4444,4444,30,0,1.0,True,False,False,0.0,209,162.3,0.14354066985645933,4869,4869,162.3,162.3,4869,5,5,0,0,0,0.0,0.0,0,,0,0.0,False,0,0,0,0,0,5,0,0
2026-06-30T06:42:27,astar,53,scenarios\warehouse-10-20-10-2-1.map,1000,197,30,30,10,0,4444,4444,30,0,1.0,True,False,False,0.0,197,157.66666666666666,0.15228426395939088,4730,4730,157.66666666666666,157.66666666666666,4730,11,11,0,0,0,0.0,0.0,0,,0,0.0,False,0,0,0,0,0,11,0,0
2026-06-30T06:42:27,astar,54,scenarios\warehouse-10-20-10-2-1.map,1000,191,30,30,10,0,4444,4444,30,0,1.0,True,False,False,0.0,191,154.36666666666667,0.15706806282722513,4631,4631,154.36666666666667,154.36666666666667,4631,6,6,0,0,0,0.0,0.0,0,,0,0.0,False,0,0,0,0,0,6,0,0
2026-06-30T06:42:28,astar,55,scenarios\warehouse-10-20-10-2-1.map,1000,199,30,30,10,0,4444,4444,30,0,1.0,True,False,False,0.0,199,153.03333333333333,0.1507537688442211,4591,4591,153.03333333333333,153.03333333333333,4591,10,10,0,0,0,0.0,0.0,0,,0,0.0,False,0,0,0,0,0,10,0,0
2026-06-30T06:42:28,astar,56,scenarios\warehouse-10-20-10-2-1.map,1000,193,30,30,10,0,4444,4444,30,0,1.0,True,False,False,0.0,193,160.26666666666668,0.15544041450777202,4808,4808,160.26666666666668,160.26666666666668,4808,21,21,0,0,0,0.0,0.0,0,,0,0.0,False,0,0,0,0,0,21,0,0
2026-06-30T06:42:28,astar,57,scenarios\warehouse-10-20-10-2-1.map,1000,203,30,30,10,0,4444,4444,30,0,1.0,True,False,False,0.0,203,156.66666666666666,0.1477832512315271,4700,4700,156.66666666666666,156.66666666666666,4700,140,140,0,0,0,0.0,0.0,0,,0,0.0,False,0,0,0,0,0,140,0,0
2026-06-30T06:42:28,astar,58,scenarios\warehouse-10-20-10-2-1.map,1000,177,30,30,10,0,4444,4444,30,0,1.0,True,False,False,0.0,177,152.4,0.1694915254237288,4572,4572,152.4,152.4,4572,141,141,0,0,0,0.0,0.0,0,,0,0.0,False,0,0,0,0,0,141,0,0
2026-06-30T06:42:29,astar,59,scenarios\warehouse-10-20-10-2-1.map,1000,186,30,30,10,0,4444,4444,30,0,1.0,True,False,False,0.0,186,156.23333333333332,0.16129032258064516,4687,4687,156.23333333333332,156.23333333333332,4687,12,12,0,0,0,0.0,0.0,0,,0,0.0,False,0,0,0,0,0,12,0,0
2026-06-30T06:42:29,astar,60,scenarios\warehouse-10-20-10-2-1.map,1000,195,30,30,10,0,4444,4444,30,0,1.0,True,False,False,0.0,195,155.66666666666666,0.15384615384615385,4670,4670,155.66666666666666,155.66666666666666,4670,14,14,0,0,0,0.0,0.0,0,,0,0.0,False,0,0,0,0,0,14,0,0
2026-06-30T06:42:29,astar,61,scenarios\warehouse-10-20-10-2-1.map,1000,186,30,30,10,0,4444,4444,30,0,1.0,True,False,False,0.0,186,154.66666666666666,0.16129032258064516,4640,4640,154.66666666666666,154.66666666666666,4640,11,11,0,0,0,0.0,0.0,0,,0,0.0,False,0,0,0,0,0,11,0,0
2026-06-30T06:42:29,astar,62,scenarios\warehouse-10-20-10-2-1.map,1000,196,30,30,10,0,4444,4444,30,0,1.0,True,False,False,0.0,196,157.23333333333332,0.15306122448979592,4717,4717,157.23333333333332,157.23333333333332,4717,142,142,0,0,0,0.0,0.0,0,,0,0.0,False,0,0,0,0,0,142,0,0
2026-06-30T06:42:30,astar,33,scenarios\warehouse-10-20-10-2-1.map,1000,187,40,40,10,0,4444,4444,40,0,1.0,True,False,False,0.0,187,156.375,0.21390374331550802,6255,6255,156.375,156.375,6255,11,11,0,0,0,0.0,0.0,0,,0,0.0,False,0,0,0,0,0,11,0,0
2026-06-30T06:42:30,astar,34,scenarios\warehouse-10-20-10-2-1.map,1000,193,40,40,10,0,4444,4444,40,0,1.0,True,False,False,0.0,193,153.875,0.20725388601036268,6155,6155,153.875,153.875,6155,26,26,0,0,0,0.0,0.0,0,,0,0.0,False,0,0,0,0,0,26,0,0
2026-06-30T06:42:30,astar,35,scenarios\warehouse-10-20-10-2-1.map,1000,202,40,40,10,0,4444,4444,40,0,1.0,True,False,False,0.0,202,162.3,0.19801980198019803,6492,6492,162.3,162.3,6492,145,145,0,0,0,0.0,0.0,0,,0,0.0,False,0,0,0,0,0,145,0,0
2026-06-30T06:42:31,astar,36,scenarios\warehouse-10-20-10-2-1.map,1000,202,40,40,10,0,4444,4444,40,0,1.0,True,False,False,0.0,202,156.675,0.19801980198019803,6267,6267,156.675,156.675,6267,14,14,0,0,0,0.0,0.0,0,,0,0.0,False,0,0,0,0,0,14,0,0
2026-06-30T06:42:31,astar,37,scenarios\warehouse-10-20-10-2-1.map,1000,198,40,40,10,0,4444,4444,40,0,1.0,True,False,False,0.0,198,161.9,0.20202020202020202,6476,6476,161.9,161.9,6476,16,16,0,0,0,0.0,0.0,0,,0,0.0,False,0,0,0,0,0,16,0,0
2026-06-30T06:42:31,astar,38,scenarios\warehouse-10-20-10-2-1.map,1000,194,40,40,10,0,4444,4444,40,0,1.0,True,False,False,0.0,194,158.275,0.20618556701030927,6331,6331,158.275,158.275,6331,20,20,0,0,0,0.0,0.0,0,,0,0.0,False,0,0,0,0,0,20,0,0
2026-06-30T06:42:32,astar,39,scenarios\warehouse-10-20-10-2-1.map,1000,191,40,40,10,0,4444,4444,40,0,1.0,True,False,False,0.0,191,156.125,0.2094240837696335,6245,6245,156.125,156.125,6245,15,15,0,0,0,0.0,0.0,0,,0,0.0,False,0,0,0,0,0,15,0,0
2026-06-30T06:42:32,astar,40,scenarios\warehouse-10-20-10-2-1.map,1000,197,40,40,10,0,4444,4444,40,0,1.0,True,False,False,0.0,197,153.875,0.20304568527918782,6155,6155,153.875,153.875,6155,254,254,0,0,0,0.0,0.0,0,,0,0.0,False,0,0,0,0,0,254,0,0
2026-06-30T06:42:32,astar,41,scenarios\warehouse-10-20-10-2-1.map,1000,193,40,40,10,0,4444,4444,40,0,1.0,True,False,False,0.0,193,157.55,0.20725388601036268,6302,6302,157.55,157.55,6302,18,18,0,0,0,0.0,0.0,0,,0,0.0,False,0,0,0,0,0,18,0,0
2026-06-30T06:42:33,astar,42,scenarios\warehouse-10-20-10-2-1.map,1000,187,40,40,10,0,4444,4444,40,0,1.0,True,False,False,0.0,187,156.775,0.21390374331550802,6271,6271,156.775,156.775,6271,16,16,0,0,0,0.0,0.0,0,,0,0.0,False,0,0,0,0,0,16,0,0
2026-06-30T06:42:33,astar,43,scenarios\warehouse-10-20-10-2-1.map,1000,199,40,40,10,0,4444,4444,40,0,1.0,True,False,False,0.0,199,157.05,0.20100502512562815,6282,6282,157.05,157.05,6282,152,152,0,0,0,0.0,0.0,0,,0,0.0,False,0,0,0,0,0,152,0,0
2026-06-30T06:42:33,astar,44,scenarios\warehouse-10-20-10-2-1.map,1000,195,40,40,10,0,4444,4444,40,0,1.0,True,False,False,0.0,195,159.55,0.20512820512820512,6382,6382,159.55,159.55,6382,124,124,0,0,0,0.0,0.0,0,,0,0.0,False,0,0,0,0,0,124,0,0
2026-06-30T06:42:34,astar,45,scenarios\warehouse-10-20-10-2-1.map,1000,187,40,40,10,0,4444,4444,40,0,1.0,True,False,False,0.0,187,155.25,0.21390374331550802,6210,6210,155.25,155.25,6210,13,13,0,0,0,0.0,0.0,0,,0,0.0,False,0,0,0,0,0,13,0,0
2026-06-30T06:42:34,astar,46,scenarios\warehouse-10-20-10-2-1.map,1000,207,40,40,10,0,4444,4444,40,0,1.0,True,False,False,0.0,207,159.825,0.1932367149758454,6393,6393,159.825,159.825,6393,140,140,0,0,0,0.0,0.0,0,,0,0.0,False,0,0,0,0,0,140,0,0
2026-06-30T06:42:34,astar,47,scenarios\warehouse-10-20-10-2-1.map,1000,197,40,40,10,0,4444,4444,40,0,1.0,True,False,False,0.0,197,156.175,0.20304568527918782,6247,6247,156.175,156.175,6247,103,103,0,0,0,0.0,0.0,0,,0,0.0,False,0,0,0,0,0,103,0,0
2026-06-30T06:42:35,astar,48,scenarios\warehouse-10-20-10-2-1.map,1000,205,40,40,10,0,4444,4444,40,0,1.0,True,False,False,0.0,205,155.1,0.1951219512195122,6204,6204,155.1,155.1,6204,155,155,0,0,0,0.0,0.0,0,,0,0.0,False,0,0,0,0,0,155,0,0
2026-06-30T06:42:35,astar,49,scenarios\warehouse-10-20-10-2-1.map,1000,206,40,40,10,0,4444,4444,40,0,1.0,True,False,False,0.0,206,159.25,0.1941747572815534,6370,6370,159.25,159.25,6370,132,132,0,0,0,0.0,0.0,0,,0,0.0,False,0,0,0,0,0,132,0,0
2026-06-30T06:42:35,astar,50,scenarios\warehouse-10-20-10-2-1.map,1000,186,40,40,10,0,4444,4444,40,0,1.0,True,False,False,0.0,186,153.375,0.21505376344086022,6135,6135,153.375,153.375,6135,13,13,0,0,0,0.0,0.0,0,,0,0.0,False,0,0,0,0,0,13,0,0
2026-06-30T06:42:36,astar,51,scenarios\warehouse-10-20-10-2-1.map,1000,215,40,40,10,0,4444,4444,40,0,1.0,True,False,False,0.0,215,160.625,0.18604651162790697,6425,6425,160.625,160.625,6425,30,30,0,0,0,0.0,0.0,0,,0,0.0,False,0,0,0,0,0,30,0,0
2026-06-30T06:42:36,astar,52,scenarios\warehouse-10-20-10-2-1.map,1000,202,40,40,10,0,4444,4444,40,0,1.0,True,False,False,0.0,202,157.075,0.19801980198019803,6283,6283,157.075,157.075,6283,11,11,0,0,0,0.0,0.0,0,,0,0.0,False,0,0,0,0,0,11,0,0
2026-06-30T06:42:36,astar,53,scenarios\warehouse-10-20-10-2-1.map,1000,186,40,40,10,0,4444,4444,40,0,1.0,True,False,False,0.0,186,159.3,0.21505376344086022,6372,6372,159.3,159.3,6372,387,387,0,0,0,0.0,0.0,0,,0,0.0,False,0,0,0,0,0,387,0,0
2026-06-30T06:42:37,astar,54,scenarios\warehouse-10-20-10-2-1.map,1000,188,40,40,10,0,4444,4444,40,0,1.0,True,False,False,0.0,188,147.85,0.2127659574468085,5914,5914,147.85,147.85,5914,32,32,0,0,0,0.0,0.0,0,,0,0.0,False,0,0,0,0,0,32,0,0
2026-06-30T06:42:37,astar,55,scenarios\warehouse-10-20-10-2-1.map,1000,183,40,40,10,0,4444,4444,40,0,1.0,True,False,False,0.0,183,155.1,0.2185792349726776,6204,6204,155.1,155.1,6204,18,18,0,0,0,0.0,0.0,0,,0,0.0,False,0,0,0,0,0,18,0,0
2026-06-30T06:42:37,astar,56,scenarios\warehouse-10-20-10-2-1.map,1000,198,40,40,10,0,4444,4444,40,0,1.0,True,False,False,0.0,198,162.675,0.20202020202020202,6507,6507,162.675,162.675,6507,18,18,0,0,0,0.0,0.0,0,,0,0.0,False,0,0,0,0,0,18,0,0
2026-06-30T06:42:38,astar,57,scenarios\warehouse-10-20-10-2-1.map,1000,203,40,40,10,0,4444,4444,40,0,1.0,True,False,False,0.0,203,159.525,0.19704433497536947,6381,6381,159.525,159.525,6381,17,17,0,0,0,0.0,0.0,0,,0,0.0,False,0,0,0,0,0,17,0,0
2026-06-30T06:42:38,astar,58,scenarios\warehouse-10-20-10-2-1.map,1000,194,40,40,10,0,4444,4444,40,0,1.0,True,False,False,0.0,194,158.05,0.20618556701030927,6322,6322,158.05,158.05,6322,11,11,0,0,0,0.0,0.0,0,,0,0.0,False,0,0,0,0,0,11,0,0
2026-06-30T06:42:38,astar,59,scenarios\warehouse-10-20-10-2-1.map,1000,191,40,40,10,0,4444,4444,40,0,1.0,True,False,False,0.0,191,157.575,0.2094240837696335,6303,6303,157.575,157.575,6303,21,21,0,0,0,0.0,0.0,0,,0,0.0,False,0,0,0,0,0,21,0,0
2026-06-30T06:42:38,astar,60,scenarios\warehouse-10-20-10-2-1.map,1000,193,40,40,10,0,4444,4444,40,0,1.0,True,False,False,0.0,193,158.8,0.20725388601036268,6352,6352,158.8,158.8,6352,134,134,0,0,0,0.0,0.0,0,,0,0.0,False,0,0,0,0,0,134,0,0
2026-06-30T06:42:39,astar,61,scenarios\warehouse-10-20-10-2-1.map,1000,188,40,40,10,0,4444,4444,40,0,1.0,True,False,False,0.0,188,156.275,0.2127659574468085,6251,6251,156.275,156.275,6251,22,22,0,0,0,0.0,0.0,0,,0,0.0,False,0,0,0,0,0,22,0,0
2026-06-30T06:42:39,astar,62,scenarios\warehouse-10-20-10-2-1.map,1000,197,40,40,10,0,4444,4444,40,0,1.0,True,False,False,0.0,197,158.25,0.20304568527918782,6330,6330,158.25,158.25,6330,12,12,0,0,0,0.0,0.0,0,,0,0.0,False,0,0,0,0,0,12,0,0
2026-06-30T06:42:39,astar,33,scenarios\warehouse-10-20-10-2-1.map,1000,184,45,45,10,0,4444,4444,45,0,1.0,True,False,False,0.0,184,155.06666666666666,0.24456521739130435,6978,6978,155.06666666666666,155.06666666666666,6978,17,17,0,0,0,0.0,0.0,0,,0,0.0,False,0,0,0,0,0,17,0,0
2026-06-30T06:42:40,astar,34,scenarios\warehouse-10-20-10-2-1.map,1000,185,45,45,10,0,4444,4444,45,0,1.0,True,False,False,0.0,185,153.77777777777777,0.24324324324324326,6920,6920,153.77777777777777,153.77777777777777,6920,164,164,0,0,0,0.0,0.0,0,,0,0.0,False,0,0,0,0,0,164,0,0
2026-06-30T06:42:40,astar,35,scenarios\warehouse-10-20-10-2-1.map,1000,197,45,45,10,0,4444,4444,45,0,1.0,True,False,False,0.0,197,159.0,0.22842639593908629,7155,7155,159.0,159.0,7155,150,150,0,0,0,0.0,0.0,0,,0,0.0,False,0,0,0,0,0,150,0,0
2026-06-30T06:42:40,astar,36,scenarios\warehouse-10-20-10-2-1.map,1000,193,45,45,10,0,4444,4444,45,0,1.0,True,False,False,0.0,193,156.26666666666668,0.23316062176165803,7032,7032,156.26666666666668,156.26666666666668,7032,26,26,0,0,0,0.0,0.0,0,,0,0.0,False,0,0,0,0,0,26,0,0
2026-06-30T06:42:41,astar,37,scenarios\warehouse-10-20-10-2-1.map,1000,185,45,45,10,0,4444,4444,45,0,1.0,True,False,False,0.0,185,159.73333333333332,0.24324324324324326,7188,7188,159.73333333333332,159.73333333333332,7188,148,148,0,0,0,0.0,0.0,0,,0,0.0,False,0,0,0,0,0,148,0,0
2026-06-30T06:42:41,astar,38,scenarios\warehouse-10-20-10-2-1.map,1000,196,45,45,10,0,4444,4444,45,0,1.0,True,False,False,0.0,196,158.33333333333334,0.22959183673469388,7125,7125,158.33333333333334,158.33333333333334,7125,20,20,0,0,0,0.0,0.0,0,,0,0.0,False,0,0,0,0,0,20,0,0
2026-06-30T06:42:42,astar,39,scenarios\warehouse-10-20-10-2-1.map,1000,190,45,45,10,0,4444,4444,45,0,1.0,True,False,False,0.0,190,157.48888888888888,0.23684210526315788,7087,7087,157.48888888888888,157.48888888888888,7087,121,121,0,0,0,0.0,0.0,0,,0,0.0,False,0,0,0,0,0,121,0,0
2026-06-30T06:42:42,astar,40,scenarios\warehouse-10-20-10-2-1.map,1000,204,45,45,10,0,4444,4444,45,0,1.0,True,False,False,0.0,204,159.55555555555554,0.22058823529411764,7180,7180,159.55555555555554,159.55555555555554,7180,161,161,0,0,0,0.0,0.0,0,,0,0.0,False,0,0,0,0,0,161,0,0
2026-06-30T06:42:42,astar,41,scenarios\warehouse-10-20-10-2-1.map,1000,192,45,45,10,0,4444,4444,45,0,1.0,True,False,False,0.0,192,154.46666666666667,0.234375,6951,6951,154.46666666666667,154.46666666666667,6951,38,38,0,0,0,0.0,0.0,0,,0,0.0,False,0,0,0,0,0,38,0,0
2026-06-30T06:42:43,astar,42,scenarios\warehouse-10-20-10-2-1.map,1000,190,45,45,10,0,4444,4444,45,0,1.0,True,False,False,0.0,190,158.17777777777778,0.23684210526315788,7118,7118,158.17777777777778,158.17777777777778,7118,19,19,0,0,0,0.0,0.0,0,,0,0.0,False,0,0,0,0,0,19,0,0
2026-06-30T06:42:43,astar,43,scenarios\warehouse-10-20-10-2-1.map,1000,195,45,45,10,0,4444,4444,45,0,1.0,True,False,False,0.0,195,155.22222222222223,0.23076923076923078,6985,6985,155.22222222222223,155.22222222222223,6985,50,50,0,0,0,0.0,0.0,0,,0,0.0,False,0,0,0,0,0,50,0,0
2026-06-30T06:42:44,astar,44,scenarios\warehouse-10-20-10-2-1.map,1000,198,45,45,10,0,4444,4444,45,0,1.0,True,False,False,0.0,198,159.66666666666666,0.22727272727272727,7185,7185,159.66666666666666,159.66666666666666,7185,32,32,0,0,0,0.0,0.0,0,,0,0.0,False,0,0,0,0,0,32,0,0
2026-06-30T06:42:44,astar,45,scenarios\warehouse-10-20-10-2-1.map,1000,202,45,45,10,0,4444,4444,45,0,1.0,True,False,False,0.0,202,155.84444444444443,0.22277227722772278,7013,7013,155.84444444444443,155.84444444444443,7013,143,143,0,0,0,0.0,0.0,0,,0,0.0,False,0,0,0,0,0,143,0,0
2026-06-30T06:42:44,astar,46,scenarios\warehouse-10-20-10-2-1.map,1000,186,45,45,10,0,4444,4444,45,0,1.0,True,False,False,0.0,186,154.82222222222222,0.24193548387096775,6967,6967,154.82222222222222,154.82222222222222,6967,264,264,0,0,0,0.0,0.0,0,,0,0.0,False,0,0,0,0,0,264,0,0
2026-06-30T06:42:45,astar,47,scenarios\warehouse-10-20-10-2-1.map,1000,200,45,45,10,0,4444,4444,45,0,1.0,True,False,False,0.0,200,161.0,0.225,7245,7245,161.0,161.0,7245,29,29,0,0,0,0.0,0.0,0,,0,0.0,False,0,0,0,0,0,29,0,0
2026-06-30T06:42:45,astar,48,scenarios\warehouse-10-20-10-2-1.map,1000,205,45,45,10,0,4444,4444,45,0,1.0,True,False,False,0.0,205,155.24444444444444,0.21951219512195122,6986,6986,155.24444444444444,155.24444444444444,6986,139,139,0,0,0,0.0,0.0,0,,0,0.0,False,0,0,0,0,0,139,0,0
2026-06-30T06:42:46,astar,49,scenarios\warehouse-10-20-10-2-1.map,1000,206,45,45,10,0,4444,4444,45,0,1.0,True,False,False,0.0,206,161.6,0.21844660194174756,7272,7272,161.6,161.6,7272,103,103,0,0,0,0.0,0.0,0,,0,0.0,False,0,0,0,0,0,103,0,0
2026-06-30T06:42:46,astar,50,scenarios\warehouse-10-20-10-2-1.map,1000,192,45,45,10,0,4444,4444,45,0,1.0,True,False,False,0.0,192,154.15555555555557,0.234375,6937,6937,154.15555555555557,154.15555555555557,6937,143,143,0,0,0,0.0,0.0,0,,0,0.0,False,0,0,0,0,0,143,0,0
2026-06-30T06:42:46,astar,51,scenarios\warehouse-10-20-10-2-1.map,1000,192,45,45,10,0,4444,4444,45,0,1.0,True,False,False,0.0,192,156.88888888888889,0.234375,7060,7060,156.88888888888889,156.88888888888889,7060,53,53,0,0,0,0.0,0.0,0,,0,0.0,False,0,0,0,0,0,53,0,0
2026-06-30T06:42:47,astar,52,scenarios\warehouse-10-20-10-2-1.map,1000,192,45,45,10,0,4444,4444,45,0,1.0,True,False,False,0.0,192,155.0,0.234375,6975,6975,155.0,155.0,6975,147,147,0,0,0,0.0,0.0,0,,0,0.0,False,0,0,0,0,0,147,0,0
2026-06-30T06:42:47,astar,53,scenarios\warehouse-10-20-10-2-1.map,1000,197,45,45,10,0,4444,4444,45,0,1.0,True,False,False,0.0,197,156.66666666666666,0.22842639593908629,7050,7050,156.66666666666666,156.66666666666666,7050,145,145,0,0,0,0.0,0.0,0,,0,0.0,False,0,0,0,0,0,145,0,0
2026-06-30T06:42:47,astar,54,scenarios\warehouse-10-20-10-2-1.map,1000,194,45,45,10,0,4444,4444,45,0,1.0,True,False,False,0.0,194,153.15555555555557,0.23195876288659795,6892,6892,153.15555555555557,153.15555555555557,6892,148,148,0,0,0,0.0,0.0,0,,0,0.0,False,0,0,0,0,0,148,0,0
2026-06-30T06:42:48,astar,55,scenarios\warehouse-10-20-10-2-1.map,1000,190,45,45,10,0,4444,4444,45,0,1.0,True,False,False,0.0,190,152.77777777777777,0.23684210526315788,6875,6875,152.77777777777777,152.77777777777777,6875,34,34,0,0,0,0.0,0.0,0,,0,0.0,False,0,0,0,0,0,34,0,0
2026-06-30T06:42:48,astar,56,scenarios\warehouse-10-20-10-2-1.map,1000,203,45,45,10,0,4444,4444,45,0,1.0,True,False,False,0.0,203,157.73333333333332,0.22167487684729065,7098,7098,157.73333333333332,157.73333333333332,7098,22,22,0,0,0,0.0,0.0,0,,0,0.0,False,0,0,0,0,0,22,0,0
2026-06-30T06:42:48,astar,57,scenarios\warehouse-10-20-10-2-1.map,1000,198,45,45,10,0,4444,4444,45,0,1.0,True,False,False,0.0,198,158.44444444444446,0.22727272727272727,7130,7130,158.44444444444446,158.44444444444446,7130,24,24,0,0,0,0.0,0.0,0,,0,0.0,False,0,0,0,0,0,24,0,0
2026-06-30T06:42:49,astar,58,scenarios\warehouse-10-20-10-2-1.map,1000,190,45,45,10,0,4444,4444,45,0,1.0,True,False,False,0.0,190,157.13333333333333,0.23684210526315788,7071,7071,157.13333333333333,157.13333333333333,7071,133,133,0,0,0,0.0,0.0,0,,0,0.0,False,0,0,0,0,0,133,0,0
2026-06-30T06:42:49,astar,59,scenarios\warehouse-10-20-10-2-1.map,1000,187,45,45,10,0,4444,4444,45,0,1.0,True,False,False,0.0,187,152.2888888888889,0.24064171122994651,6853,6853,152.2888888888889,152.2888888888889,6853,136,136,0,0,0,0.0,0.0,0,,0,0.0,False,0,0,0,0,0,136,0,0
2026-06-30T06:42:49,astar,60,scenarios\warehouse-10-20-10-2-1.map,1000,194,45,45,10,0,4444,4444,45,0,1.0,True,False,False,0.0,194,157.64444444444445,0.23195876288659795,7094,7094,157.64444444444445,157.64444444444445,7094,132,132,0,0,0,0.0,0.0,0,,0,0.0,False,0,0,0,0,0,132,0,0
2026-06-30T06:42:50,astar,61,scenarios\warehouse-10-20-10-2-1.map,1000,187,45,45,10,0,4444,4444,45,0,1.0,True,False,False,0.0,187,156.35555555555555,0.24064171122994651,7036,7036,156.35555555555555,156.35555555555555,7036,28,28,0,0,0,0.0,0.0,0,,0,0.0,False,0,0,0,0,0,28,0,0
2026-06-30T06:42:50,astar,62,scenarios\warehouse-10-20-10-2-1.map,1000,197,45,45,10,0,4444,4444,45,0,1.0,True,False,False,0.0,197,155.48888888888888,0.22842639593908629,6997,6997,155.48888888888888,155.48888888888888,6997,287,287,0,0,0,0.0,0.0,0,,0,0.0,False,0,0,0,0,0,287,0,0
2026-06-30T06:42:50,astar,33,scenarios\warehouse-10-20-10-2-1.map,1000,203,50,50,10,0,4444,4444,50,0,1.0,True,False,False,0.0,203,156.32,0.24630541871921183,7816,7816,156.32,156.32,7816,253,253,0,0,0,0.0,0.0,0,,0,0.0,False,0,0,0,0,0,253,0,0
2026-06-30T06:42:51,astar,34,scenarios\warehouse-10-20-10-2-1.map,1000,197,50,50,10,0,4444,4444,50,0,1.0,True,False,False,0.0,197,155.84,0.25380710659898476,7792,7792,155.84,155.84,7792,169,169,0,0,0,0.0,0.0,0,,0,0.0,False,0,0,0,0,0,169,0,0
2026-06-30T06:42:51,astar,35,scenarios\warehouse-10-20-10-2-1.map,1000,202,50,50,10,0,4444,4444,50,0,1.0,True,False,False,0.0,202,158.8,0.24752475247524752,7940,7940,158.8,158.8,7940,30,30,0,0,0,0.0,0.0,0,,0,0.0,False,0,0,0,0,0,30,0,0
2026-06-30T06:42:52,astar,36,scenarios\warehouse-10-20-10-2-1.map,1000,193,50,50,10,0,4444,4444,50,0,1.0,True,False,False,0.0,193,154.32,0.25906735751295334,7716,7716,154.32,154.32,7716,28,28,0,0,0,0.0,0.0,0,,0,0.0,False,0,0,0,0,0,28,0,0
2026-06-30T06:42:52,astar,37,scenarios\warehouse-10-20-10-2-1.map,1000,191,50,50,10,0,4444,4444,50,0,1.0,True,False,False,0.0,191,159.56,0.2617801047120419,7978,7978,159.56,159.56,7978,26,26,0,0,0,0.0,0.0,0,,0,0.0,False,0,0,0,0,0,26,0,0
2026-06-30T06:42:52,astar,38,scenarios\warehouse-10-20-10-2-1.map,1000,194,50,50,10,0,4444,4444,50,0,1.0,True,False,False,0.0,194,158.52,0.25773195876288657,7926,7926,158.52,158.52,7926,68,68,0,0,0,0.0,0.0,0,,0,0.0,False,0,0,0,0,0,68,0,0
2026-06-30T06:42:53,astar,39,scenarios\warehouse-10-20-10-2-1.map,1000,189,50,50,10,0,4444,4444,50,0,1.0,True,False,False,0.0,189,155.5,0.26455026455026454,7775,7775,155.5,155.5,7775,19,19,0,0,0,0.0,0.0,0,,0,0.0,False,0,0,0,0,0,19,0,0
2026-06-30T06:42:53,astar,40,scenarios\warehouse-10-20-10-2-1.map,1000,204,50,50,10,0,4444,4444,50,0,1.0,True,False,False,0.0,204,157.4,0.24509803921568626,7870,7870,157.4,157.4,7870,23,23,0,0,0,0.0,0.0,0,,0,0.0,False,0,0,0,0,0,23,0,0
2026-06-30T06:42:54,astar,41,scenarios\warehouse-10-20-10-2-1.map,1000,192,50,50,10,0,4444,4444,50,0,1.0,True,False,False,0.0,192,156.22,0.2604166666666667,7811,7811,156.22,156.22,7811,23,23,0,0,0,0.0,0.0,0,,0,0.0,False,0,0,0,0,0,23,0,0
2026-06-30T06:42:54,astar,42,scenarios\warehouse-10-20-10-2-1.map,1000,198,50,50,10,0,4444,4444,50,0,1.0,True,False,False,0.0,198,158.4,0.25252525252525254,7920,7920,158.4,158.4,7920,159,159,0,0,0,0.0,0.0,0,,0,0.0,False,0,0,0,0,0,159,0,0
2026-06-30T06:42:54,astar,43,scenarios\warehouse-10-20-10-2-1.map,1000,199,50,50,10,0,4444,4444,50,0,1.0,True,False,False,0.0,199,158.64,0.25125628140703515,7932,7932,158.64,158.64,7932,27,27,0,0,0,0.0,0.0,0,,0,0.0,False,0,0,0,0,0,27,0,0
2026-06-30T06:42:55,astar,44,scenarios\warehouse-10-20-10-2-1.map,1000,200,50,50,10,0,4444,4444,50,0,1.0,True,False,False,0.0,200,155.76,0.25,7788,7788,155.76,155.76,7788,28,28,0,0,0,0.0,0.0,0,,0,0.0,False,0,0,0,0,0,28,0,0
2026-06-30T06:42:55,astar,45,scenarios\warehouse-10-20-10-2-1.map,1000,202,50,50,10,0,4444,4444,50,0,1.0,True,False,False,0.0,202,154.92,0.24752475247524752,7746,7746,154.92,154.92,7746,27,27,0,0,0,0.0,0.0,0,,0,0.0,False,0,0,0,0,0,27,0,0
2026-06-30T06:42:56,astar,46,scenarios\warehouse-10-20-10-2-1.map,1000,189,50,50,10,0,4444,4444,50,0,1.0,True,False,False,0.0,189,155.34,0.26455026455026454,7767,7767,155.34,155.34,7767,39,39,0,0,0,0.0,0.0,0,,0,0.0,False,0,0,0,0,0,39,0,0
2026-06-30T06:42:56,astar,47,scenarios\warehouse-10-20-10-2-1.map,1000,207,50,50,10,0,4444,4444,50,0,1.0,True,False,False,0.0,207,160.38,0.24154589371980675,8019,8019,160.38,160.38,8019,36,36,0,0,0,0.0,0.0,0,,0,0.0,False,0,0,0,0,0,36,0,0
2026-06-30T06:42:56,astar,48,scenarios\warehouse-10-20-10-2-1.map,1000,199,50,50,10,0,4444,4444,50,0,1.0,True,False,False,0.0,199,153.42,0.25125628140703515,7671,7671,153.42,153.42,7671,29,29,0,0,0,0.0,0.0,0,,0,0.0,False,0,0,0,0,0,29,0,0
2026-06-30T06:42:57,astar,49,scenarios\warehouse-10-20-10-2-1.map,1000,200,50,50,10,0,4444,4444,50,0,1.0,True,False,False,0.0,200,159.56,0.25,7978,7978,159.56,159.56,7978,28,28,0,0,0,0.0,0.0,0,,0,0.0,False,0,0,0,0,0,28,0,0
2026-06-30T06:42:57,astar,50,scenarios\warehouse-10-20-10-2-1.map,1000,186,50,50,10,0,4444,4444,50,0,1.0,True,False,False,0.0,186,152.24,0.26881720430107525,7612,7612,152.24,152.24,7612,223,223,0,0,0,0.0,0.0,0,,0,0.0,False,0,0,0,0,0,223,0,0
2026-06-30T06:42:58,astar,51,scenarios\warehouse-10-20-10-2-1.map,1000,192,50,50,10,0,4444,4444,50,0,1.0,True,False,False,0.0,192,157.94,0.2604166666666667,7897,7897,157.94,157.94,7897,262,262,0,0,0,0.0,0.0,0,,0,0.0,False,0,0,0,0,0,262,0,0
2026-06-30T06:42:58,astar,52,scenarios\warehouse-10-20-10-2-1.map,1000,190,50,50,10,0,4444,4444,50,0,1.0,True,False,False,0.0,190,152.14,0.2631578947368421,7607,7607,152.14,152.14,7607,180,180,0,0,0,0.0,0.0,0,,0,0.0,False,0,0,0,0,0,180,0,0
2026-06-30T06:42:58,astar,53,scenarios\warehouse-10-20-10-2-1.map,1000,195,50,50,10,0,4444,4444,50,0,1.0,True,False,False,0.0,195,158.3,0.2564102564102564,7915,7915,158.3,158.3,7915,144,144,0,0,0,0.0,0.0,0,,0,0.0,False,0,0,0,0,0,144,0,0
2026-06-30T06:42:59,astar,54,scenarios\warehouse-10-20-10-2-1.map,1000,195,50,50,10,0,4444,4444,50,0,1.0,True,False,False,0.0,195,157.52,0.2564102564102564,7876,7876,157.52,157.52,7876,141,141,0,0,0,0.0,0.0,0,,0,0.0,False,0,0,0,0,0,141,0,0
2026-06-30T06:42:59,astar,55,scenarios\warehouse-10-20-10-2-1.map,1000,190,50,50,10,0,4444,4444,50,0,1.0,True,False,False,0.0,190,156.32,0.2631578947368421,7816,7816,156.32,156.32,7816,30,30,0,0,0,0.0,0.0,0,,0,0.0,False,0,0,0,0,0,30,0,0
2026-06-30T06:42:59,astar,56,scenarios\warehouse-10-20-10-2-1.map,1000,198,50,50,10,0,4444,4444,50,0,1.0,True,False,False,0.0,198,157.76,0.25252525252525254,7888,7888,157.76,157.76,7888,23,23,0,0,0,0.0,0.0,0,,0,0.0,False,0,0,0,0,0,23,0,0
2026-06-30T06:43:00,astar,57,scenarios\warehouse-10-20-10-2-1.map,1000,203,50,50,10,0,4444,4444,50,0,1.0,True,False,False,0.0,203,157.88,0.24630541871921183,7894,7894,157.88,157.88,7894,30,30,0,0,0,0.0,0.0,0,,0,0.0,False,0,0,0,0,0,30,0,0
2026-06-30T06:43:00,astar,58,scenarios\warehouse-10-20-10-2-1.map,1000,195,50,50,10,0,4444,4444,50,0,1.0,True,False,False,0.0,195,156.7,0.2564102564102564,7835,7835,156.7,156.7,7835,114,114,0,0,0,0.0,0.0,0,,0,0.0,False,0,0,0,0,0,114,0,0
2026-06-30T06:43:01,astar,59,scenarios\warehouse-10-20-10-2-1.map,1000,188,50,50,10,0,4444,4444,50,0,1.0,True,False,False,0.0,188,155.98,0.26595744680851063,7799,7799,155.98,155.98,7799,273,273,0,0,0,0.0,0.0,0,,0,0.0,False,0,0,0,0,0,273,0,0
2026-06-30T06:43:01,astar,60,scenarios\warehouse-10-20-10-2-1.map,1000,194,50,50,10,0,4444,4444,50,0,1.0,True,False,False,0.0,194,154.74,0.25773195876288657,7737,7737,154.74,154.74,7737,238,238,0,0,0,0.0,0.0,0,,0,0.0,False,0,0,0,0,0,238,0,0
2026-06-30T06:43:01,astar,61,scenarios\warehouse-10-20-10-2-1.map,1000,187,50,50,10,0,4444,4444,50,0,1.0,True,False,False,0.0,187,154.54,0.26737967914438504,7727,7727,154.54,154.54,7727,147,147,0,0,0,0.0,0.0,0,,0,0.0,False,0,0,0,0,0,147,0,0
2026-06-30T06:43:02,astar,62,scenarios\warehouse-10-20-10-2-1.map,1000,197,50,50,10,0,4444,4444,50,0,1.0,True,False,False,0.0,197,158.54,0.25380710659898476,7927,7927,158.54,158.54,7927,161,161,0,0,0,0.0,0.0,0,,0,0.0,False,0,0,0,0,0,161,0,0
