episode,robots_requested,seed,robots_spawned,robots_completed,completion_rate,safe_success,ticks,makespan,collisions,waits,replans,blocked_intents,epsilon,q_states,q_decisions,q_updates,q_wait_actions,q_yield_actions,q_replan_actions
1,10,612385486,10,10,1.0,True,175,175,0,5,2,5,0.19940000000000002,9,5,5,5,0,0
2,20,179587351,20,20,1.0,True,184,184,0,6,3,6,0.19880180000000003,15,11,11,10,1,0
3,30,678855015,30,30,1.0,False,214,214,1,37,19,40,0.19820539460000003,47,51,51,45,6,0
4,40,250415600,40,40,1.0,True,229,229,0,26,10,26,0.19761077841620003,54,77,77,70,7,0
5,45,877251209,45,45,1.0,False,248,248,1,60,28,67,0.19701794608095144,73,144,144,132,12,0
6,50,902762750,50,50,1.0,False,222,222,6,181,85,186,0.1964268922427086,126,330,330,307,23,0
7,10,297738788,10,10,1.0,True,193,193,0,0,0,0,0.19583761156598048,126,330,330,307,23,0
8,20,514287012,20,20,1.0,True,187,187,0,7,3,7,0.19525009873128255,127,337,337,314,23,0
9,30,699929305,30,30,1.0,False,195,195,1,50,22,56,0.1946643484350887,140,393,393,365,28,0
10,40,945176277,40,40,1.0,True,192,192,0,13,5,13,0.19408035538978344,142,406,406,378,28,0
11,45,956500977,45,45,1.0,False,238,238,1,84,39,91,0.19349811432361408,154,497,497,455,42,0
12,50,571956172,50,50,1.0,False,211,211,1,44,25,53,0.19291761998064325,163,550,550,504,46,0
13,10,975847197,10,10,1.0,True,191,191,0,0,0,0,0.1923388671207013,163,550,550,504,46,0
14,20,566249171,20,20,1.0,True,190,190,0,9,3,12,0.1917618505193392,163,562,562,514,48,0
15,30,200266330,30,30,1.0,True,187,187,0,9,4,10,0.19118656496778116,164,572,572,522,50,0
16,40,699786654,40,40,1.0,False,217,217,1,71,33,81,0.19061300527287783,168,653,653,591,62,0
17,45,971951314,45,45,1.0,False,214,214,1,40,17,44,0.1900411662570592,175,697,697,630,67,0
18,50,662624631,50,50,1.0,True,200,200,0,43,22,52,0.18947104275828802,175,749,749,671,78,0
19,10,540515021,10,10,1.0,True,203,203,0,0,0,0,0.18890262963001317,175,749,749,671,78,0
20,20,344666014,20,20,1.0,True,186,186,0,9,4,9,0.18833592174112312,175,758,758,679,79,0
21,30,737688678,30,30,1.0,True,194,194,0,18,8,20,0.18777091397589976,175,778,778,699,79,0
22,40,567221538,40,40,1.0,True,216,216,0,23,9,23,0.18720760123397207,176,801,801,720,81,0
23,45,516432330,45,45,1.0,True,203,203,0,45,21,46,0.18664597843027014,176,847,847,759,88,0
24,50,478087950,50,50,1.0,False,213,213,4,90,47,94,0.18608604049497934,186,941,941,838,103,0
25,10,303014845,10,10,1.0,True,195,195,0,0,0,0,0.1855277823734944,186,941,941,838,103,0
26,20,722540392,20,20,1.0,True,187,187,0,4,2,4,0.18497119902637393,186,945,945,841,104,0
27,30,682491594,30,30,1.0,True,214,214,0,19,8,21,0.1844162854292948,189,966,966,855,111,0
28,40,75991389,40,40,1.0,True,215,215,0,18,10,20,0.18386303657300693,189,986,986,872,114,0
29,45,323512462,45,45,1.0,False,205,205,2,50,23,52,0.1833114474632879,193,1038,1038,915,123,0
30,50,444281304,50,50,1.0,False,195,195,4,44,28,50,0.18276151312089803,194,1088,1088,951,137,0
31,10,332064771,10,10,1.0,True,182,182,0,2,1,2,0.18221322858153532,194,1090,1090,953,137,0
32,20,556457778,20,20,1.0,True,197,197,0,19,8,19,0.1816665888957907,200,1109,1109,964,145,0
33,30,532683926,30,30,1.0,True,199,199,0,15,6,17,0.18112158912910334,200,1126,1126,975,151,0
34,40,965139112,40,40,1.0,False,219,219,5,95,58,99,0.18057822436171603,201,1225,1225,1041,184,0
35,45,56476712,45,45,1.0,True,209,209,0,17,10,19,0.18003648968863087,204,1244,1244,1051,193,0
36,50,797880911,50,50,1.0,False,231,231,2,83,53,101,0.179496380219565,206,1345,1345,1104,241,0
37,10,652385873,10,10,1.0,True,172,172,0,0,0,0,0.1789578910789063,206,1345,1345,1104,241,0
38,20,923248131,20,20,1.0,True,184,184,0,15,6,15,0.1784210174056696,206,1360,1360,1113,247,0
39,30,790117870,30,30,1.0,True,215,215,0,18,10,21,0.17788575435345258,206,1381,1381,1122,259,0
40,40,727165208,40,40,1.0,True,206,206,0,26,14,27,0.1773520970903922,210,1408,1408,1135,273,0
41,45,457566285,45,45,1.0,False,207,207,3,79,41,84,0.17682004079912103,210,1492,1492,1182,310,0
42,50,875356479,50,50,1.0,False,187,187,1,51,31,56,0.17628958067672368,211,1548,1548,1221,327,0
43,10,909016800,10,10,1.0,True,195,195,0,2,1,2,0.1757607119346935,211,1550,1550,1221,329,0
44,20,301165395,20,20,1.0,False,194,194,1,21,11,21,0.17523342979888942,211,1571,1571,1234,337,0
45,30,996415820,30,30,1.0,True,240,240,0,18,10,23,0.17470772950949276,212,1594,1594,1250,344,0
46,40,343019314,40,40,1.0,False,198,198,1,70,35,71,0.17418360632096427,213,1665,1665,1298,367,0
47,45,596579515,45,43,0.9555555555555556,False,700,700,0,1136,390,1150,0.1736610555020014,222,2815,2815,2320,495,0
48,50,821155704,50,50,1.0,False,194,194,5,124,77,132,0.1731400723354954,224,2947,2947,2398,549,0
49,10,731596784,10,10,1.0,True,176,176,0,5,2,6,0.1726206521184889,224,2953,2953,2402,551,0
50,20,263731276,20,20,1.0,True,198,198,0,2,1,2,0.17210279016213342,224,2955,2955,2404,551,0
51,30,125904074,30,30,1.0,True,198,198,0,29,13,35,0.171586481791647,224,2990,2990,2428,562,0
52,40,928324388,40,40,1.0,False,208,208,3,84,42,96,0.17107172234627208,234,3086,3086,2495,591,0
53,45,60150537,45,45,1.0,False,221,221,2,43,19,49,0.17055850717923327,234,3135,3135,2529,606,0
54,50,342859266,50,50,1.0,False,218,218,8,161,84,171,0.17004683165769557,245,3306,3306,2660,646,0
55,10,953110812,10,10,1.0,True,207,207,0,1,4,4,0.1695366911627225,247,3310,3310,2661,649,0
56,20,305415233,20,20,1.0,False,183,183,1,19,11,20,0.1690280810892343,247,3330,3330,2679,651,0
57,30,229096460,30,30,1.0,False,197,197,2,35,17,39,0.1685209968459666,247,3369,3369,2710,659,0
58,40,962782778,40,40,1.0,False,196,196,6,71,43,81,0.16801543385542872,248,3450,3450,2768,682,0
59,45,71111810,45,45,1.0,True,203,203,0,67,29,77,0.16751138755386244,252,3527,3527,2823,704,0
60,50,805112172,50,50,1.0,False,223,223,2,107,47,112,0.16700885339120086,253,3639,3639,2899,740,0
61,10,392826125,10,10,1.0,True,169,169,0,0,0,0,0.16650782683102727,253,3639,3639,2899,740,0
62,20,132266597,20,20,1.0,True,189,189,0,11,5,12,0.16600830335053418,253,3651,3651,2908,743,0
63,30,701702530,30,30,1.0,True,182,182,0,18,13,22,0.16551027844048258,253,3673,3673,2918,755,0
64,40,345391759,40,40,1.0,False,193,193,1,83,33,85,0.16501374760516113,254,3758,3758,2986,772,0
65,45,826317043,45,45,1.0,False,202,202,1,41,17,45,0.16451870636234564,254,3803,3803,3017,786,0
66,50,260573761,50,50,1.0,False,206,206,1,72,42,84,0.16402515024325862,255,3887,3887,3073,814,0
67,10,550607872,10,10,1.0,True,185,185,0,0,0,0,0.16353307479252885,255,3887,3887,3073,814,0
68,20,292815765,20,20,1.0,True,200,200,0,4,2,4,0.16304247556815127,255,3891,3891,3075,816,0
69,30,343712706,30,30,1.0,True,190,190,0,18,11,20,0.1625533481414468,255,3911,3911,3091,820,0
70,40,6842832,40,40,1.0,False,233,233,1,36,20,45,0.16206568809702246,256,3956,3956,3125,831,0
71,45,379967256,45,45,1.0,False,208,208,11,137,69,148,0.1615794910327314,261,4104,4104,3237,867,0
72,50,563374762,50,50,1.0,False,214,214,3,95,51,106,0.1610947525596332,264,4210,4210,3318,892,0
73,10,707062318,10,10,1.0,True,184,184,0,1,2,2,0.1606114683019543,264,4212,4212,3319,893,0
74,20,326785378,20,20,1.0,True,206,206,0,11,4,11,0.16012963389704843,264,4223,4223,3326,897,0
75,30,595977298,30,30,1.0,False,189,189,1,25,12,25,0.1596492449953573,264,4248,4248,3348,900,0
76,40,423279140,40,40,1.0,False,237,237,16,188,130,200,0.1591702972603712,269,4448,4448,3510,938,0
77,45,417731058,45,45,1.0,False,205,205,2,63,35,65,0.1586927863685901,269,4513,4513,3547,966,0
78,50,199110553,50,50,1.0,True,208,208,0,26,11,26,0.15821670800948434,269,4539,4539,3568,971,0
79,10,738102040,10,10,1.0,True,188,188,0,2,1,2,0.1577420578854559,269,4541,4541,3568,973,0
80,20,118202751,20,20,1.0,True,194,194,0,10,7,12,0.15726883171179953,269,4553,4553,3574,979,0
81,30,944019904,30,30,1.0,True,210,210,0,16,8,17,0.15679702521666414,270,4570,4570,3586,984,0
82,40,35341816,40,40,1.0,False,213,213,5,103,62,112,0.15632663414101414,271,4682,4682,3658,1024,0
83,45,391463111,45,45,1.0,False,223,223,2,78,34,80,0.1558576542385911,275,4762,4762,3718,1044,0
84,50,937114013,50,50,1.0,False,251,251,6,115,70,123,0.15539008127587534,279,4885,4885,3812,1073,0
85,10,673675702,10,10,1.0,True,194,194,0,4,2,4,0.15492391103204772,279,4889,4889,3814,1075,0
86,20,802482048,20,20,1.0,True,209,209,0,17,7,17,0.15445913929895158,279,4906,4906,3829,1077,0
87,30,733296251,30,30,1.0,True,183,183,0,16,7,16,0.15399576188105474,279,4922,4922,3840,1082,0
88,40,600921690,40,40,1.0,True,205,205,0,29,14,31,0.15353377459541157,279,4953,4953,3864,1089,0
89,45,914894713,45,45,1.0,False,206,206,5,141,72,151,0.15307317327162534,290,5104,5104,3983,1121,0
90,50,132974209,50,50,1.0,False,224,224,4,94,46,104,0.15261395375181047,290,5208,5208,4049,1159,0
91,10,67992941,10,10,1.0,True,189,189,0,2,1,2,0.15215611189055503,290,5210,5210,4051,1159,0
92,20,159933439,20,20,1.0,True,201,201,0,0,0,0,0.15169964355488336,290,5210,5210,4051,1159,0
93,30,100142783,30,30,1.0,True,203,203,0,35,13,39,0.1512445446242187,291,5249,5249,4077,1172,0
94,40,128476170,40,40,1.0,False,213,213,2,67,34,67,0.15079081099034605,294,5316,5316,4117,1199,0
95,45,867755674,45,45,1.0,True,199,199,0,45,18,49,0.15033843855737503,294,5365,5365,4151,1214,0
96,50,339895981,50,50,1.0,True,213,213,0,47,22,54,0.1498874232417029,295,5419,5419,4184,1235,0
97,10,3262971,10,10,1.0,True,183,183,0,2,1,2,0.14943776097197778,295,5421,5421,4184,1237,0
98,20,61844407,20,20,1.0,True,201,201,0,5,5,7,0.14898944768906183,295,5428,5428,4187,1241,0
99,30,440224054,30,30,1.0,True,230,230,0,20,9,22,0.14854247934599465,295,5450,5450,4202,1248,0
100,40,295713101,40,40,1.0,True,230,230,0,20,8,21,0.14809685190795668,295,5471,5471,4214,1257,0
101,45,373842540,45,45,1.0,True,208,208,0,49,22,56,0.14765256135223281,297,5527,5527,4249,1278,0
102,50,217856587,50,50,1.0,True,209,209,0,40,18,44,0.14720960366817612,297,5571,5571,4273,1298,0
103,10,931020292,10,10,1.0,True,169,169,0,0,0,0,0.14676797485717158,297,5571,5571,4273,1298,0
104,20,207058631,20,20,1.0,True,190,190,0,14,6,14,0.14632767093260007,297,5585,5585,4279,1306,0
105,30,726694135,30,30,1.0,True,187,187,0,9,4,9,0.14588868791980228,297,5594,5594,4284,1310,0
106,40,701936023,40,40,1.0,False,214,214,1,34,17,35,0.14545102185604286,297,5629,5629,4303,1326,0
107,45,417200690,45,45,1.0,False,214,214,8,100,56,113,0.14501466879047473,302,5742,5742,4389,1353,0
108,50,491558451,50,50,1.0,False,220,220,5,95,49,103,0.1445796247841033,303,5845,5845,4465,1380,0
109,10,641733394,10,10,1.0,True,187,187,0,6,4,7,0.144145885909751,303,5852,5852,4469,1383,0
110,20,508395561,20,20,1.0,True,203,203,0,0,0,0,0.14371344825202176,303,5852,5852,4469,1383,0
111,30,847937606,30,30,1.0,True,200,200,0,16,6,16,0.1432823079072657,303,5868,5868,4481,1387,0
112,40,384465263,40,40,1.0,False,205,205,2,55,29,60,0.1428524609835439,306,5928,5928,4520,1408,0
113,45,633109803,45,45,1.0,True,208,208,0,32,20,41,0.14242390360059326,306,5969,5969,4537,1432,0
114,50,578761837,50,50,1.0,False,205,205,4,107,50,122,0.14199663188979147,312,6091,6091,4621,1470,0
115,10,487773517,10,10,1.0,True,191,191,0,5,2,5,0.1415706419941221,312,6096,6096,4625,1471,0
116,20,843060424,20,20,1.0,True,189,189,0,4,2,4,0.14114593006813972,312,6100,6100,4626,1474,0
117,30,924431466,30,30,1.0,True,187,187,0,12,7,15,0.1407224922779353,312,6115,6115,4636,1479,0
118,40,330719536,40,40,1.0,True,206,206,0,36,15,38,0.1403003248011015,312,6153,6153,4661,1492,0
119,45,521953023,45,45,1.0,False,205,205,2,85,36,94,0.13987942382669818,319,6247,6247,4738,1509,0
120,50,75405333,50,50,1.0,False,208,208,2,92,50,99,0.1394597855552181,320,6346,6346,4802,1544,0
121,10,10411151,10,10,1.0,True,190,190,0,2,1,2,0.13904140619855243,320,6348,6348,4803,1545,0
122,20,516653530,20,20,1.0,True,171,171,0,12,5,12,0.13862428197995677,320,6360,6360,4811,1549,0
123,30,407774258,30,30,1.0,True,201,201,0,14,6,15,0.1382084091340169,320,6375,6375,4819,1556,0
124,40,407129563,40,40,1.0,False,208,208,1,32,15,32,0.13779378390661487,321,6407,6407,4844,1563,0
125,45,813766731,45,45,1.0,False,212,212,3,95,48,110,0.13738040255489503,321,6517,6517,4924,1593,0
126,50,838061936,50,50,1.0,False,254,254,2,90,45,101,0.13696826134723034,321,6618,6618,4978,1640,0
127,10,388203748,10,10,1.0,True,185,185,0,2,1,2,0.13655735656318865,321,6620,6620,4978,1642,0
128,20,119176542,20,20,1.0,True,201,201,0,7,3,7,0.1361476844934991,321,6627,6627,4982,1645,0
129,30,716846125,30,30,1.0,False,197,197,1,20,10,20,0.1357392414400186,321,6647,6647,4995,1652,0
130,40,937084529,40,40,1.0,False,198,198,3,28,15,32,0.13533202371569852,321,6679,6679,5014,1665,0
131,45,261767256,45,45,1.0,False,214,214,2,67,48,88,0.13492602764455142,321,6767,6767,5062,1705,0
132,50,15920292,50,50,1.0,False,207,207,1,50,28,56,0.13452124956161776,321,6823,6823,5097,1726,0
133,10,582222150,10,10,1.0,True,186,186,0,0,0,0,0.1341176858129329,321,6823,6823,5097,1726,0
134,20,681498732,20,20,1.0,True,204,204,0,13,7,14,0.1337153327554941,321,6837,6837,5102,1735,0
135,30,476309082,30,30,1.0,True,204,204,0,33,13,34,0.13331418675722762,321,6871,6871,5127,1744,0
136,40,776345029,40,40,1.0,False,207,207,2,62,33,67,0.13291424419695594,321,6938,6938,5167,1771,0
137,45,338584207,45,45,1.0,False,204,204,5,68,36,75,0.13251550146436508,322,7013,7013,5217,1796,0
138,50,936979728,50,50,1.0,False,221,221,5,81,44,86,0.13211795495997197,322,7099,7099,5277,1822,0
139,10,954449976,10,10,1.0,True,168,168,0,0,0,0,0.13172160109509207,322,7099,7099,5277,1822,0
140,20,905940105,20,20,1.0,True,198,198,0,14,6,14,0.1313264362918068,322,7113,7113,5284,1829,0
141,30,753875085,30,30,1.0,True,205,205,0,35,17,42,0.13093245698293138,322,7155,7155,5311,1844,0
142,40,926901026,40,40,1.0,True,210,210,0,43,19,46,0.13053965961198258,324,7201,7201,5347,1854,0
143,45,175246843,45,45,1.0,False,195,195,1,45,25,47,0.13014804063314664,324,7248,7248,5379,1869,0
144,50,976943186,50,50,1.0,False,227,227,1,44,22,47,0.1297575965112472,324,7295,7295,5401,1894,0
145,10,531437390,10,10,1.0,True,195,195,0,0,0,0,0.12936832372171345,324,7295,7295,5401,1894,0
146,20,783151103,20,20,1.0,True,185,185,0,9,3,11,0.1289802187505483,324,7306,7306,5408,1898,0
147,30,657412075,30,30,1.0,False,193,193,3,29,17,31,0.12859327809429666,324,7337,7337,5427,1910,0
148,40,519043908,40,40,1.0,False,208,208,2,52,31,61,0.12820749826001376,325,7398,7398,5464,1934,0
149,45,35974921,45,45,1.0,False,219,219,1,50,29,58,0.1278228757652337,325,7456,7456,5490,1966,0
150,50,741775818,50,50,1.0,False,219,219,4,139,57,145,0.127439407137938,333,7601,7601,5612,1989,0
151,10,93916585,10,10,1.0,True,186,186,0,0,0,0,0.12705708891652417,333,7601,7601,5612,1989,0
152,20,950874626,20,20,1.0,True,224,224,0,4,2,4,0.1266759176497746,333,7605,7605,5613,1992,0
153,30,646110581,30,30,1.0,False,213,213,2,39,21,41,0.12629588989682528,333,7646,7646,5641,2005,0
154,40,998849903,40,40,1.0,False,211,211,2,73,37,83,0.1259170022271348,336,7729,7729,5691,2038,0
155,45,783301594,45,45,1.0,True,199,199,0,48,24,52,0.1255392512204534,336,7781,7781,5716,2065,0
156,50,302498316,50,50,1.0,True,217,217,0,61,28,71,0.12516263346679204,339,7852,7852,5761,2091,0
157,10,496808558,10,10,1.0,True,191,191,0,2,1,2,0.12478714556639167,339,7854,7854,5762,2092,0
158,20,300355223,20,20,1.0,True,207,207,0,13,6,15,0.12441278412969249,339,7869,7869,5770,2099,0
159,30,453186034,30,30,1.0,True,191,191,0,29,14,29,0.12403954577730342,339,7898,7898,5790,2108,0
160,40,544328481,40,40,1.0,False,214,214,4,45,22,51,0.1236674271399715,340,7949,7949,5826,2123,0
161,45,436355580,45,45,1.0,True,217,217,0,59,43,83,0.12329642485855159,348,8032,8032,5869,2163,0
162,50,279802351,50,50,1.0,False,198,198,3,75,36,78,0.12292653558397594,348,8110,8110,5919,2191,0
163,10,507370700,10,10,1.0,True,178,178,0,8,4,10,0.12255775597722401,348,8120,8120,5924,2196,0
164,20,941125992,20,20,1.0,True,197,197,0,4,2,4,0.12219008270929234,348,8124,8124,5926,2198,0
165,30,668035954,30,30,1.0,True,195,195,0,16,6,16,0.12182351246116446,348,8140,8140,5936,2204,0
166,40,813416475,40,40,1.0,True,194,194,0,23,12,27,0.12145804192378097,349,8167,8167,5954,2213,0
167,45,517442548,45,45,1.0,True,215,215,0,63,34,68,0.12109366779800963,349,8235,8235,5995,2240,0
168,50,416418753,50,50,1.0,False,212,212,3,78,40,82,0.1207303867946156,349,8317,8317,6043,2274,0
169,10,22046529,10,10,1.0,True,180,180,0,3,2,4,0.12036819563423176,349,8321,8321,6046,2275,0
170,20,815017090,20,20,1.0,False,219,219,1,23,12,23,0.12000709104732907,349,8344,8344,6056,2288,0
171,30,426392802,30,30,1.0,False,201,201,1,56,29,65,0.11964706977418708,349,8409,8409,6094,2315,0
172,40,341046713,40,40,1.0,True,202,202,0,29,18,32,0.11928812856486452,350,8441,8441,6112,2329,0
173,45,862267453,45,45,1.0,False,192,192,3,63,33,71,0.11893026417916992,351,8512,8512,6152,2360,0
174,50,348917167,50,50,1.0,False,207,207,5,101,54,112,0.11857347338663242,351,8624,8624,6219,2405,0
175,10,180015876,10,10,1.0,True,190,190,0,4,2,4,0.11821775296647252,351,8628,8628,6221,2407,0
176,20,113349857,20,20,1.0,True,192,192,0,10,5,13,0.11786309970757311,351,8641,8641,6227,2414,0
177,30,198924219,30,30,1.0,True,192,192,0,15,10,21,0.1175095104084504,351,8662,8662,6241,2421,0
178,40,982457606,40,40,1.0,True,195,195,0,43,23,48,0.11715698187722505,354,8710,8710,6275,2435,0
179,45,764155148,45,45,1.0,False,235,235,2,86,41,94,0.11680551093159337,356,8804,8804,6357,2447,0
180,50,343286731,50,50,1.0,False,223,223,3,100,53,112,0.11645509439879859,356,8916,8916,6440,2476,0
181,10,667887544,10,10,1.0,True,167,167,0,0,0,0,0.11610572911560219,356,8916,8916,6440,2476,0
182,20,307267872,20,20,1.0,True,197,197,0,10,5,12,0.11575741192825538,356,8928,8928,6449,2479,0
183,30,974601345,30,30,1.0,False,199,199,2,53,31,53,0.11541013969247062,356,8981,8981,6491,2490,0
184,40,669558115,40,40,1.0,True,210,210,0,24,10,24,0.1150639092733932,356,9005,9005,6510,2495,0
185,45,185204042,45,45,1.0,True,211,211,0,37,19,47,0.11471871754557303,356,9052,9052,6548,2504,0
186,50,816753061,50,50,1.0,False,203,203,2,94,49,104,0.11437456139293631,357,9156,9156,6634,2522,0
187,10,777550534,10,10,1.0,True,191,191,0,6,3,7,0.1140314377087575,357,9163,9163,6639,2524,0
188,20,379660345,20,20,1.0,True,201,201,0,4,2,4,0.11368934339563122,357,9167,9167,6642,2525,0
189,30,892600323,30,30,1.0,True,211,211,0,9,4,9,0.11334827536544433,357,9176,9176,6650,2526,0
190,40,459645256,40,40,1.0,True,199,199,0,28,12,33,0.113008230539348,357,9209,9209,6677,2532,0
191,45,465970949,45,45,1.0,True,201,201,0,30,12,32,0.11266920584772995,359,9241,9241,6705,2536,0
192,50,999401296,50,50,1.0,False,217,217,1,49,24,53,0.11233119823018677,359,9294,9294,6747,2547,0
193,10,869268859,10,10,1.0,True,194,194,0,0,0,0,0.11199420463549621,359,9294,9294,6747,2547,0
194,20,359521743,20,20,1.0,True,193,193,0,6,3,6,0.11165822202158972,359,9300,9300,6752,2548,0
195,30,993651520,30,30,1.0,True,184,184,0,21,12,22,0.11132324735552494,359,9322,9322,6770,2552,0
196,40,693840461,40,40,1.0,False,189,189,2,41,22,45,0.11098927761345836,365,9367,9367,6808,2559,0
197,45,933024212,45,45,1.0,False,203,203,1,72,34,74,0.110656309780618,365,9441,9441,6870,2571,0
198,50,395439275,50,50,1.0,False,199,199,3,53,21,59,0.11032434085127614,366,9500,9500,6921,2579,0
199,10,805830515,10,10,1.0,True,180,180,0,5,2,5,0.10999336782872231,366,9505,9505,6925,2580,0
200,20,925360358,20,20,1.0,True,206,206,0,33,11,36,0.10966338772523614,366,9541,9541,6956,2585,0
201,30,629903986,30,30,1.0,False,207,207,2,33,12,37,0.10933439756206043,368,9578,9578,6986,2592,0
202,40,705357735,40,40,1.0,True,207,207,0,41,17,44,0.10900639436937425,368,9622,9622,7024,2598,0
203,45,549162128,45,45,1.0,False,203,203,2,45,23,49,0.10867937518626612,368,9671,9671,7065,2606,0
204,50,37406703,50,50,1.0,False,208,208,3,47,19,51,0.10835333706070732,368,9722,9722,7109,2613,0
205,10,912963935,10,10,1.0,True,188,188,0,0,0,0,0.1080282770495252,368,9722,9722,7109,2613,0
206,20,801879659,20,20,1.0,True,184,184,0,7,3,7,0.10770419221837661,368,9729,9729,7115,2614,0
207,30,671159170,30,30,1.0,True,199,199,0,12,6,13,0.10738107964172149,368,9742,9742,7122,2620,0
208,40,962510443,40,40,1.0,False,215,215,1,59,28,60,0.10705893640279632,368,9802,9802,7168,2634,0
209,45,774412918,45,45,1.0,False,225,225,2,60,28,60,0.10673775959358793,368,9862,9862,7217,2645,0
210,50,13812585,50,50,1.0,True,211,211,0,71,34,84,0.10641754631480717,368,9946,9946,7279,2667,0
211,10,244723283,10,10,1.0,True,181,181,0,4,2,4,0.10609829367586275,368,9950,9950,7282,2668,0
212,20,516069058,20,20,1.0,True,191,191,0,4,2,4,0.10577999879483516,368,9954,9954,7286,2668,0
213,30,98982542,30,30,1.0,True,196,196,0,32,16,32,0.10546265879845065,370,9986,9986,7311,2675,0
214,40,855771958,40,40,1.0,False,204,204,1,60,28,65,0.1051462708220553,370,10051,10051,7359,2692,0
215,45,290291345,45,45,1.0,True,211,211,0,13,6,14,0.10483083200958913,370,10065,10065,7370,2695,0
216,50,910382065,50,50,1.0,False,218,218,9,199,114,225,0.10451633951356036,372,10290,10290,7550,2740,0
217,10,626390696,10,10,1.0,True,172,172,0,4,2,4,0.10420279049501968,372,10294,10294,7553,2741,0
218,20,83951594,20,20,1.0,True,220,220,0,7,3,7,0.10389018212353462,372,10301,10301,7559,2742,0
219,30,615244655,30,30,1.0,True,194,194,0,19,9,22,0.10357851157716402,372,10323,10323,7575,2748,0
220,40,126068181,40,40,1.0,True,194,194,0,11,5,11,0.10326777604243254,372,10334,10334,7585,2749,0
221,45,213276105,45,45,1.0,False,214,214,4,81,41,82,0.10295797271430523,372,10416,10416,7653,2763,0
222,50,925773786,50,50,1.0,False,207,207,1,81,35,93,0.10264909879616232,374,10509,10509,7726,2783,0
223,10,202511509,10,10,1.0,True,200,200,0,5,2,5,0.10234115149977384,374,10514,10514,7730,2784,0
224,20,213739996,20,20,1.0,True,195,195,0,3,1,3,0.10203412804527452,374,10517,10517,7733,2784,0
225,30,653861294,30,30,1.0,True,203,203,0,22,10,25,0.1017280256611387,374,10542,10542,7751,2791,0
226,40,76775041,40,40,1.0,True,207,207,0,23,13,25,0.10142284158415528,374,10567,10567,7767,2800,0
227,45,69267154,45,45,1.0,True,230,230,0,38,15,38,0.10111857305940282,374,10605,10605,7797,2808,0
228,50,994715451,50,50,1.0,True,214,214,0,50,23,59,0.10081521734022461,374,10664,10664,7844,2820,0
229,10,729986059,10,10,1.0,True,189,189,0,0,0,0,0.10051277168820394,374,10664,10664,7844,2820,0
230,20,828961974,20,20,1.0,True,198,198,0,5,2,5,0.10021123337313932,374,10669,10669,7849,2820,0
231,30,11835323,30,30,1.0,False,223,223,1,23,12,25,0.0999105996730199,374,10694,10694,7872,2822,0
232,40,615965676,40,40,1.0,False,214,214,2,58,28,58,0.09961086787400085,376,10752,10752,7919,2833,0
233,45,466833931,45,45,1.0,False,220,220,2,77,40,87,0.09931203527037885,376,10839,10839,7983,2856,0
234,50,567072026,50,50,1.0,False,234,234,4,71,37,77,0.09901409916456771,376,10916,10916,8049,2867,0
235,10,729892472,10,10,1.0,True,182,182,0,0,0,0,0.09871705686707401,376,10916,10916,8049,2867,0
236,20,398809410,20,20,1.0,True,192,192,0,2,1,2,0.09842090569647279,376,10918,10918,8051,2867,0
237,30,7280427,30,30,1.0,True,191,191,0,42,16,44,0.09812564297938337,376,10962,10962,8084,2878,0
238,40,921879135,40,40,1.0,False,206,206,3,46,27,49,0.09783126605044522,376,11011,11011,8122,2889,0
239,45,167170217,45,45,1.0,True,205,205,0,54,26,60,0.09753777225229388,376,11071,11071,8169,2902,0
240,50,443901101,50,50,1.0,False,197,197,1,40,22,41,0.097245158935537,376,11112,11112,8200,2912,0
241,10,24889239,10,10,1.0,True,182,182,0,2,3,5,0.09695342345873038,376,11117,11117,8203,2914,0
242,20,984202449,20,20,1.0,True,201,201,0,6,3,6,0.09666256318835419,376,11123,11123,8207,2916,0
243,30,95741659,30,30,1.0,True,214,214,0,17,10,21,0.09637257549878912,376,11144,11144,8221,2923,0
244,40,873841894,40,40,1.0,False,203,203,2,63,34,68,0.09608345777229275,376,11212,11212,8263,2949,0
245,45,917978080,45,45,1.0,False,201,201,2,57,27,63,0.09579520739897587,378,11275,11275,8310,2965,0
246,50,148285330,50,50,1.0,False,207,207,3,82,39,92,0.09550782177677894,378,11367,11367,8377,2990,0
247,10,490687900,10,10,1.0,True,172,172,0,4,2,4,0.0952212983114486,378,11371,11371,8379,2992,0
248,20,42611917,20,20,1.0,True,185,185,0,6,2,6,0.09493563441651426,378,11377,11377,8385,2992,0
249,30,837978521,30,30,1.0,True,204,204,0,30,14,30,0.09465082751326472,378,11407,11407,8407,3000,0
250,40,22359521,40,40,1.0,True,199,199,0,16,7,17,0.09436687503072493,378,11424,11424,8419,3005,0
251,45,631504372,45,45,1.0,False,214,214,3,41,21,45,0.09408377440563274,379,11469,11469,8456,3013,0
252,50,838201895,50,50,1.0,True,217,217,0,70,37,80,0.09380152308241585,379,11549,11549,8507,3042,0
253,10,225344835,10,10,1.0,True,192,192,0,0,0,0,0.0935201185131686,379,11549,11549,8507,3042,0
254,20,849798802,20,20,1.0,True,198,198,0,21,11,27,0.0932395581576291,379,11576,11576,8527,3049,0
255,30,597519010,30,30,1.0,True,189,189,0,19,8,21,0.09295983948315621,379,11597,11597,8540,3057,0
256,40,244834911,40,40,1.0,True,234,234,0,31,17,38,0.09268095996470674,379,11635,11635,8562,3073,0
257,45,725619407,45,45,1.0,False,211,211,2,42,28,61,0.09240291708481262,379,11696,11696,8594,3102,0
258,50,121051502,50,50,1.0,False,217,217,5,103,52,107,0.09212570833355818,379,11803,11803,8668,3135,0
259,10,359230607,10,10,1.0,True,194,194,0,4,2,4,0.09184933120855751,379,11807,11807,8670,3137,0
260,20,393522706,20,20,1.0,True,191,191,0,4,2,4,0.09157378321493184,379,11811,11811,8672,3139,0
261,30,95273552,30,30,1.0,False,207,207,1,38,21,41,0.09129906186528705,385,11852,11852,8700,3152,0
262,40,858283891,40,40,1.0,False,215,215,4,74,58,97,0.09102516467969118,385,11949,11949,8755,3194,0
263,45,958483144,45,45,1.0,False,232,232,5,123,63,131,0.09075208918565211,385,12080,12080,8841,3239,0
264,50,795394294,50,50,1.0,False,249,249,2,59,30,66,0.09047983291809515,385,12146,12146,8893,3253,0
265,10,535990533,10,10,1.0,True,185,185,0,4,2,4,0.09020839341934087,385,12150,12150,8896,3254,0
266,20,931015778,20,20,1.0,True,187,187,0,4,2,4,0.08993776823908284,385,12154,12154,8898,3256,0
267,30,332147618,30,30,1.0,True,209,209,0,14,9,16,0.08966795493436559,385,12170,12170,8911,3259,0
268,40,33314999,40,40,1.0,True,206,206,0,70,35,75,0.0893989510695625,386,12245,12245,8968,3277,0
269,45,810349636,45,45,1.0,False,196,196,4,71,40,78,0.08913075421635382,386,12323,12323,9025,3298,0
270,50,721090701,50,50,1.0,False,208,208,7,132,71,134,0.08886336195370476,386,12457,12457,9127,3330,0
271,10,897223070,10,10,1.0,True,166,166,0,2,1,2,0.08859677186784364,386,12459,12459,9128,3331,0
272,20,962845553,20,20,1.0,True,205,205,0,9,4,9,0.0883309815522401,386,12468,12468,9134,3334,0
273,30,17581603,30,30,1.0,False,203,203,2,43,22,43,0.08806598860758338,386,12511,12511,9164,3347,0
274,40,864626727,40,40,1.0,True,198,198,0,31,11,32,0.08780179064176064,386,12543,12543,9193,3350,0
275,45,6941851,45,45,1.0,False,201,201,1,86,40,95,0.08753838526983536,386,12638,12638,9271,3367,0
276,50,534294512,50,50,1.0,False,206,206,6,74,39,75,0.08727577011402585,386,12713,12713,9336,3377,0
277,10,926093248,10,10,1.0,True,196,196,0,2,1,2,0.08701394280368377,386,12715,12715,9338,3377,0
278,20,311935007,20,20,1.0,True,196,196,0,4,4,6,0.08675290097527272,386,12721,12721,9342,3379,0
279,30,664335030,30,30,1.0,True,195,195,0,19,10,23,0.0864926422723469,386,12744,12744,9358,3386,0
280,40,353207786,40,40,1.0,False,193,193,2,39,20,41,0.08623316434552986,386,12785,12785,9391,3394,0
281,45,350916786,45,45,1.0,True,209,209,0,31,15,36,0.08597446485249327,386,12821,12821,9418,3403,0
282,50,563491387,50,50,1.0,False,232,232,11,174,97,184,0.0857165414579358,390,13005,13005,9573,3432,0
283,10,137663015,10,10,1.0,True,200,200,0,4,2,4,0.08545939183356199,390,13009,13009,9575,3434,0
284,20,772025054,20,20,1.0,True,184,184,0,2,1,2,0.08520301365806131,390,13011,13011,9576,3435,0
285,30,356982108,30,30,1.0,False,203,203,2,29,16,33,0.08494740461708712,390,13044,13044,9604,3440,0
286,40,105092505,40,40,1.0,False,200,200,2,65,32,68,0.08469256240323586,390,13112,13112,9658,3454,0
287,45,364144258,45,45,1.0,True,203,203,0,22,9,26,0.08443848471602615,390,13138,13138,9676,3462,0
288,50,415300527,50,50,1.0,False,232,232,9,133,71,150,0.08418516926187807,393,13288,13288,9798,3490,0
289,10,532274856,10,10,1.0,True,185,185,0,0,0,0,0.08393261375409243,393,13288,13288,9798,3490,0
290,20,806920485,20,20,1.0,True,194,194,0,8,3,8,0.08368081591283015,393,13296,13296,9805,3491,0
291,30,483026814,30,30,1.0,True,209,209,0,28,14,28,0.08342977346509166,393,13324,13324,9821,3503,0
292,40,291172213,40,40,1.0,True,201,201,0,27,16,29,0.08317948414469638,393,13353,13353,9839,3514,0
293,45,217118990,45,45,1.0,False,217,217,3,115,56,121,0.0829299456922623,395,13474,13474,9932,3542,0
294,50,931615060,50,50,1.0,False,225,225,3,78,45,85,0.08268115585518551,395,13559,13559,9989,3570,0
295,10,88104549,10,10,1.0,True,185,185,0,0,0,0,0.08243311238761995,395,13559,13559,9989,3570,0
296,20,566791953,20,20,1.0,True,194,194,0,5,2,5,0.0821858130504571,395,13564,13564,9993,3571,0
297,30,218074789,30,30,1.0,False,206,206,2,42,21,63,0.08193925561130572,395,13627,13627,10045,3582,0
298,40,899710259,40,40,1.0,True,197,197,0,52,31,57,0.0816934378444718,395,13684,13684,10082,3602,0
299,45,137694462,45,45,1.0,False,203,203,2,37,17,39,0.08144835753093839,395,13723,13723,10112,3611,0
300,50,277423656,50,50,1.0,False,205,205,1,58,27,65,0.08120401245834558,397,13788,13788,10145,3643,0
301,10,107627918,10,10,1.0,True,190,190,0,2,1,2,0.08096040042097054,397,13790,13790,10145,3645,0
302,20,186302618,20,20,1.0,True,215,215,0,4,2,4,0.08071751921970763,397,13794,13794,10146,3648,0
303,30,445080564,30,30,1.0,True,186,186,0,11,5,13,0.0804753666620485,397,13807,13807,10154,3653,0
304,40,568684276,40,40,1.0,True,221,221,0,24,10,26,0.08023394056206236,397,13833,13833,10167,3666,0
305,45,139727181,45,45,1.0,False,211,211,4,91,48,94,0.07999323874037617,397,13927,13927,10236,3691,0
306,50,147396323,50,50,1.0,False,200,200,3,75,39,80,0.07975325902415505,399,14007,14007,10285,3722,0
307,10,859016714,10,10,1.0,True,187,187,0,3,3,4,0.07951399924708258,399,14011,14011,10285,3726,0
308,20,516707801,20,20,1.0,True,198,198,0,11,5,12,0.07927545724934133,399,14023,14023,10290,3733,0
309,30,584929016,30,30,1.0,True,201,201,0,15,11,17,0.07903763087759332,399,14040,14040,10298,3742,0
310,40,498071538,40,40,1.0,False,202,202,1,33,21,35,0.07880051798496053,399,14075,14075,10314,3761,0
311,45,494017572,45,45,1.0,True,210,210,0,18,9,19,0.07856411643100565,399,14094,14094,10326,3768,0
312,50,347689191,50,50,1.0,False,194,194,5,78,44,84,0.07832842408171263,399,14178,14178,10389,3789,0
313,10,686310891,10,10,1.0,True,176,176,0,2,1,2,0.0780934388094675,399,14180,14180,10389,3791,0
314,20,792437395,20,20,1.0,True,192,192,0,3,3,4,0.0778591584930391,399,14184,14184,10390,3794,0
315,30,252210524,30,30,1.0,True,196,196,0,13,7,14,0.07762558101755998,399,14198,14198,10396,3802,0
316,40,7710536,40,40,1.0,False,201,201,1,14,8,14,0.0773927042745073,399,14212,14212,10406,3806,0
317,45,25141899,45,45,1.0,False,204,204,2,62,29,62,0.07716052616168377,399,14274,14274,10438,3836,0
318,50,25316112,50,50,1.0,False,220,220,6,129,75,148,0.07692904458319871,401,14422,14422,10548,3874,0
319,10,84449216,10,10,1.0,True,197,197,0,2,1,2,0.07669825744944912,401,14424,14424,10548,3876,0
320,20,160163023,20,20,1.0,True,187,187,0,2,1,2,0.07646816267710077,401,14426,14426,10548,3878,0
321,30,362041266,30,30,1.0,False,183,183,1,26,13,26,0.07623875818906947,401,14452,14452,10564,3888,0
322,40,199864219,40,40,1.0,True,194,194,0,24,10,24,0.07601004191450227,401,14476,14476,10579,3897,0
323,45,387875173,45,45,1.0,True,218,218,0,71,28,76,0.07578201178875876,402,14552,14552,10625,3927,0
324,50,790363556,50,50,1.0,False,217,217,3,110,58,121,0.07555466575339248,403,14673,14673,10696,3977,0
325,10,271216093,10,10,1.0,True,182,182,0,2,2,3,0.0753280017561323,403,14676,14676,10698,3978,0
326,20,254960236,20,20,1.0,True,203,203,0,3,2,4,0.0751020177508639,403,14680,14680,10700,3980,0
327,30,329040409,30,30,1.0,True,205,205,0,23,12,27,0.07487671169761131,404,14707,14707,10712,3995,0
328,40,659578969,40,40,1.0,True,211,211,0,17,9,20,0.07465208156251849,404,14727,14727,10725,4002,0
329,45,895192768,45,45,1.0,False,224,224,4,90,43,97,0.07442812531783093,404,14824,14824,10785,4039,0
330,50,875575076,50,50,1.0,True,202,202,0,61,35,73,0.07420484094187743,405,14897,14897,10819,4078,0
331,10,9267576,10,10,1.0,True,192,192,0,2,1,2,0.0739822264190518,405,14899,14899,10819,4080,0
332,20,532347691,20,20,1.0,True,194,194,0,5,2,5,0.07376027973979465,405,14904,14904,10822,4082,0
333,30,482161574,30,30,1.0,True,219,219,0,40,22,40,0.07353899890057528,405,14944,14944,10850,4094,0
334,40,643367650,40,40,1.0,True,202,202,0,32,18,40,0.07331838190387355,409,14984,14984,10869,4115,0
335,45,411215937,45,45,1.0,False,204,204,5,88,48,94,0.07309842675816193,410,15078,15078,10927,4151,0
336,50,614800607,50,50,1.0,False,213,213,1,77,37,77,0.07287913147788744,410,15155,15155,10957,4198,0
337,10,302843736,10,10,1.0,True,174,174,0,5,2,5,0.07266049408345378,410,15160,15160,10958,4202,0
338,20,778281048,20,20,1.0,True,188,188,0,6,3,6,0.07244251260120342,410,15166,15166,10960,4206,0
339,30,289014904,30,30,1.0,True,190,190,0,14,8,16,0.07222518506339981,410,15182,15182,10968,4214,0
340,40,241007270,40,40,1.0,True,193,193,0,27,11,31,0.07200850950820961,411,15213,15213,10980,4233,0
341,45,818449077,45,45,1.0,True,212,212,0,50,23,53,0.07179248397968498,412,15266,15266,11006,4260,0
342,50,45405251,50,50,1.0,False,217,217,3,116,60,124,0.07157710652774592,412,15390,15390,11074,4316,0
343,10,307026815,10,10,1.0,True,194,194,0,0,0,0,0.07136237520816267,412,15390,15390,11074,4316,0
344,20,171231861,20,20,1.0,True,203,203,0,24,12,24,0.07114828808253819,412,15414,15414,11086,4328,0
345,30,422836153,30,30,1.0,False,196,196,2,25,11,29,0.07093484321829058,412,15443,15443,11099,4344,0
346,40,28946553,40,40,1.0,False,208,208,4,61,34,64,0.0707220386886357,412,15507,15507,11142,4365,0
347,45,371266774,45,45,1.0,False,216,216,4,107,59,110,0.0705098725725698,413,15617,15617,11215,4402,0
348,50,88703233,50,50,1.0,True,212,212,0,75,48,79,0.07029834295485209,413,15696,15696,11259,4437,0
349,10,125702473,10,10,1.0,True,198,198,0,4,2,4,0.07008744792598753,413,15700,15700,11259,4441,0
350,20,881792310,20,20,1.0,True,190,190,0,2,1,2,0.06987718558220957,413,15702,15702,11260,4442,0
351,30,201597165,30,30,1.0,True,191,191,0,10,4,10,0.06966755402546294,413,15712,15712,11268,4444,0
352,40,692571181,40,40,1.0,False,222,222,1,48,25,56,0.06945855136338655,413,15768,15768,11301,4467,0
353,45,411603629,45,45,1.0,False,227,227,1,67,34,73,0.0692501757092964,413,15841,15841,11338,4503,0
354,50,355810663,50,50,1.0,False,203,203,8,114,53,118,0.06904242518216851,415,15959,15959,11413,4546,0
355,10,258192145,10,10,1.0,True,178,178,0,0,0,0,0.068835297906622,415,15959,15959,11413,4546,0
356,20,869698558,20,20,1.0,True,207,207,0,2,1,2,0.06862879201290213,415,15961,15961,11414,4547,0
357,30,408005022,30,30,1.0,True,203,203,0,11,5,11,0.06842290563686343,416,15972,15972,11424,4548,0
358,40,44422081,40,40,1.0,True,187,187,0,19,7,19,0.06821763691995283,416,15991,15991,11440,4551,0
359,45,914953802,45,45,1.0,False,225,225,2,78,42,85,0.06801298400919298,416,16076,16076,11499,4577,0
360,50,255063767,50,50,1.0,False,221,221,4,94,48,100,0.06780894505716539,416,16176,16176,11573,4603,0
361,10,722177994,10,10,1.0,True,186,186,0,2,1,2,0.0676055182219939,416,16178,16178,11575,4603,0
362,20,853254269,20,20,1.0,True,199,199,0,1,1,2,0.06740270166732791,416,16180,16180,11576,4604,0
363,30,138636369,30,30,1.0,False,199,199,3,41,23,43,0.06720049356232592,417,16223,16223,11602,4621,0
364,40,554031216,40,38,0.95,False,700,700,0,1185,399,1193,0.06699889208163895,423,17416,17416,12728,4688,0
365,45,172348802,45,45,1.0,False,224,224,11,119,75,127,0.06679789540539403,423,17543,17543,12826,4717,0
366,50,847619070,50,50,1.0,False,197,197,5,115,56,124,0.06659750171917785,425,17667,17667,12929,4738,0
367,10,983397769,10,10,1.0,True,206,206,0,2,1,2,0.06639770921402031,425,17669,17669,12931,4738,0
368,20,414320490,20,20,1.0,True,199,199,0,8,4,10,0.06619851608637825,425,17679,17679,12940,4739,0
369,30,661822271,30,30,1.0,True,199,199,0,16,7,17,0.06599992053811912,425,17696,17696,12955,4741,0
370,40,940991012,40,40,1.0,True,181,181,0,14,7,18,0.06580192077650476,425,17714,17714,12969,4745,0
371,45,807348717,45,45,1.0,False,200,200,3,63,42,71,0.06560451501417525,425,17785,17785,13022,4763,0
372,50,83310570,50,50,1.0,False,197,197,7,101,41,112,0.06540770146913272,427,17897,17897,13107,4790,0
373,10,908049877,10,10,1.0,True,166,166,0,0,0,0,0.06521147836472532,427,17897,17897,13107,4790,0
374,20,669476125,20,20,1.0,True,185,185,0,2,1,2,0.06501584392963114,427,17899,17899,13108,4791,0
375,30,534573858,30,28,0.9333333333333333,False,700,700,0,1112,377,1122,0.06482079639784225,427,19021,19021,14176,4845,0
376,40,202482512,40,40,1.0,False,201,201,1,77,31,80,0.06462633400864871,427,19101,19101,14244,4857,0
377,45,836876406,45,45,1.0,False,203,203,3,88,48,93,0.06443245500662277,427,19194,19194,14317,4877,0
378,50,214127062,50,50,1.0,False,208,208,1,47,21,50,0.0642391576416029,427,19244,19244,14348,4896,0
379,10,937654707,10,10,1.0,False,194,194,1,8,6,8,0.0640464401686781,427,19252,19252,14354,4898,0
380,20,948248468,20,20,1.0,True,194,194,0,9,4,9,0.06385430084817206,427,19261,19261,14361,4900,0
381,30,878959503,30,30,1.0,True,211,211,0,27,11,28,0.06366273794562755,427,19289,19289,14384,4905,0
382,40,461761841,40,40,1.0,True,211,211,0,26,11,26,0.06347174973179066,427,19315,19315,14403,4912,0
383,45,920809676,45,45,1.0,False,213,213,1,61,32,69,0.06328133448259529,427,19384,19384,14452,4932,0
384,50,872477302,50,50,1.0,False,217,217,5,86,50,89,0.0630914904791475,429,19473,19473,14512,4961,0
385,10,760523972,10,10,1.0,True,197,197,0,0,0,0,0.06290221600771005,429,19473,19473,14512,4961,0
386,20,304903683,20,20,1.0,True,200,200,0,24,14,29,0.06271350935968692,429,19502,19502,14529,4973,0
387,30,302609403,30,30,1.0,True,203,203,0,14,7,15,0.06252536883160786,429,19517,19517,14539,4978,0
388,40,784084986,40,40,1.0,False,198,198,2,51,26,54,0.06233779272511304,429,19571,19571,14569,5002,0
389,45,413040746,45,45,1.0,False,200,200,4,68,37,73,0.062150779346937704,429,19644,19644,14618,5026,0
390,50,974384509,50,50,1.0,False,193,193,1,53,25,58,0.06196432700889689,429,19702,19702,14661,5041,0
391,10,334370515,10,10,1.0,True,194,194,0,0,0,0,0.0617784340278702,429,19702,19702,14661,5041,0
392,20,673101545,20,20,1.0,True,231,231,0,28,11,32,0.06159309872578659,429,19734,19734,14686,5048,0
393,30,467068203,30,30,1.0,True,200,200,0,21,10,22,0.061408319429609226,429,19756,19756,14698,5058,0
394,40,251883506,40,40,1.0,False,214,214,7,119,67,125,0.0612240944713204,431,19881,19881,14784,5097,0
395,45,630888458,45,45,1.0,False,205,205,3,47,26,53,0.06104042218790644,431,19934,19934,14821,5113,0
396,50,717538932,50,50,1.0,False,210,210,10,130,68,134,0.06085730092134272,431,20068,20068,14913,5155,0
397,10,758955307,10,10,1.0,True,229,229,0,8,3,8,0.06067472901857869,431,20076,20076,14917,5159,0
398,20,406493466,20,20,1.0,True,198,198,0,4,2,4,0.060492704831522956,431,20080,20080,14919,5161,0
399,30,860267684,30,30,1.0,False,196,196,3,41,18,43,0.060311226717028384,431,20123,20123,14949,5174,0
400,40,487532041,40,40,1.0,False,197,197,1,57,31,61,0.0601302930368773,431,20184,20184,14986,5198,0
401,45,476688430,45,45,1.0,False,210,210,6,99,51,99,0.05994990215776667,431,20283,20283,15054,5229,0
402,50,685587303,50,50,1.0,True,224,224,0,38,16,40,0.05977005245129337,431,20323,20323,15077,5246,0
403,10,428884735,10,10,1.0,True,194,194,0,0,0,0,0.059590742293939486,431,20323,20323,15077,5246,0
404,20,105863966,20,20,1.0,True,187,187,0,10,4,10,0.059411970067057666,431,20333,20333,15083,5250,0
405,30,396121731,30,30,1.0,True,193,193,0,24,9,25,0.059233734156856496,431,20358,20358,15099,5259,0
406,40,825172164,40,40,1.0,False,203,203,3,55,29,60,0.059056032954385926,431,20418,20418,15136,5282,0
407,45,473288574,45,45,1.0,False,214,214,2,36,17,38,0.05887886485552277,432,20456,20456,15157,5299,0
408,50,169928599,50,50,1.0,True,203,203,0,45,19,53,0.058702228260956196,432,20509,20509,15188,5321,0
409,10,300447757,10,10,1.0,True,205,205,0,2,1,2,0.058526121576173325,432,20511,20511,15189,5322,0
410,20,234567561,20,20,1.0,True,199,199,0,7,3,7,0.058350543211444804,432,20518,20518,15192,5326,0
411,30,886025553,30,30,1.0,True,186,186,0,21,11,22,0.05817549158181047,432,20540,20540,15205,5335,0
412,40,35532722,40,40,1.0,False,218,218,5,82,44,84,0.05800096510706504,433,20624,20624,15256,5368,0
413,45,111207805,45,45,1.0,False,210,210,2,85,37,91,0.05782696221174384,436,20715,20715,15317,5398,0
414,50,176058743,50,50,1.0,False,222,222,8,114,72,122,0.057653481325108606,436,20837,20837,15386,5451,0
415,10,200430453,10,10,1.0,True,199,199,0,3,1,3,0.05748052088113328,436,20840,20840,15389,5451,0
416,20,412037980,20,20,1.0,True,213,213,0,14,8,18,0.05730807931848988,436,20858,20858,15399,5459,0
417,30,353792719,30,30,1.0,True,194,194,0,72,29,78,0.057136155080534407,436,20936,20936,15467,5469,0
418,40,511785990,40,40,1.0,False,212,212,2,56,21,57,0.056964746615292806,437,20993,20993,15501,5492,0
419,45,978488215,45,45,1.0,False,213,213,12,124,64,138,0.05679385237544693,437,21131,21131,15596,5535,0
420,50,188166200,50,50,1.0,False,206,206,6,110,59,121,0.05662347081832059,437,21252,21252,15676,5576,0
421,10,895943075,10,10,1.0,True,181,181,0,0,0,0,0.056453600405865625,437,21252,21252,15676,5576,0
422,20,455778309,20,20,1.0,True,202,202,0,11,5,13,0.056284239604648026,437,21265,21265,15683,5582,0
423,30,141256034,30,30,1.0,False,205,205,1,36,23,38,0.05611538688583408,437,21303,21303,15706,5597,0
424,40,813974024,40,40,1.0,False,194,194,2,60,44,69,0.05594704072517658,437,21372,21372,15745,5627,0
425,45,253979021,45,45,1.0,False,213,213,1,62,31,67,0.05577919960300105,437,21439,21439,15783,5656,0
426,50,104075580,50,50,1.0,False,220,220,3,108,55,122,0.05561186200419205,440,21561,21561,15867,5694,0
427,10,855924199,10,10,1.0,True,192,192,0,2,1,2,0.05544502641817947,440,21563,21563,15867,5696,0
428,20,145375827,20,20,1.0,True,193,193,0,2,1,2,0.055278691338924935,440,21565,21565,15869,5696,0
429,30,560903015,30,30,1.0,True,223,223,0,34,14,40,0.05511285526490816,440,21605,21605,15899,5706,0
430,40,444746235,40,40,1.0,True,202,202,0,26,12,27,0.054947516699113436,440,21632,21632,15914,5718,0
431,45,970569999,45,45,1.0,False,212,212,4,90,45,90,0.054782674149016095,440,21722,21722,15984,5738,0
432,50,157786128,50,50,1.0,False,214,214,7,118,59,140,0.05461832612656905,440,21862,21862,16095,5767,0
433,10,985364404,10,10,1.0,True,188,188,0,0,0,0,0.05445447114818934,440,21862,21862,16095,5767,0
434,20,984037282,20,20,1.0,True,187,187,0,4,2,4,0.05429110773474477,440,21866,21866,16099,5767,0
435,30,611121532,30,30,1.0,True,211,211,0,27,12,30,0.054128234411540535,440,21896,21896,16121,5775,0
436,40,537571359,40,40,1.0,False,211,211,2,70,32,74,0.05396584970830591,440,21970,21970,16178,5792,0
437,45,98381630,45,45,1.0,True,207,207,0,45,22,47,0.05380395215918099,440,22017,22017,16219,5798,0
438,50,853180497,50,50,1.0,False,202,202,1,63,35,70,0.05364254030270345,440,22087,22087,16277,5810,0
439,10,938178199,10,10,1.0,True,195,195,0,3,2,4,0.05348161268179534,440,22091,22091,16279,5812,0
440,20,427384207,20,20,1.0,True,189,189,0,8,4,12,0.053321167843749954,440,22103,22103,16287,5816,0
441,30,100943024,30,30,1.0,False,192,192,1,43,22,45,0.053161204340218704,440,22148,22148,16316,5832,0
442,40,965617227,40,40,1.0,False,204,204,1,37,20,42,0.05300172072719805,440,22190,22190,16347,5843,0
443,45,607074877,45,45,1.0,True,269,269,0,79,49,110,0.052842715565016456,440,22300,22300,16421,5879,0
444,50,570084106,50,50,1.0,False,206,206,5,146,65,153,0.052684187418321406,440,22453,22453,16551,5902,0
445,10,474817299,10,10,1.0,True,169,169,0,0,0,0,0.05252613485606644,440,22453,22453,16551,5902,0
446,20,410860509,20,20,1.0,True,187,187,0,9,4,9,0.052368556451498245,440,22462,22462,16557,5905,0
447,30,3773575,30,30,1.0,False,199,199,3,46,21,46,0.05221145078214375,440,22508,22508,16590,5918,0
448,40,630215897,40,40,1.0,False,223,223,2,90,41,99,0.05205481642979732,440,22607,22607,16670,5937,0
449,45,103701725,45,45,1.0,False,191,191,8,89,58,99,0.05189865198050793,440,22706,22706,16741,5965,0
450,50,848780110,50,50,1.0,False,211,211,4,87,52,90,0.051742956024566404,440,22796,22796,16796,6000,0
451,10,474010277,10,10,1.0,True,204,204,0,3,1,4,0.05158772715649271,440,22800,22800,16799,6001,0
452,20,529981723,20,20,1.0,True,206,206,0,12,5,12,0.05143296397502323,440,22812,22812,16807,6005,0
453,30,226536767,30,30,1.0,True,205,205,0,3,5,9,0.051278665083098154,441,22821,22821,16811,6010,0
454,40,544021819,40,40,1.0,False,243,243,8,129,66,133,0.05112482908784886,442,22954,22954,16909,6045,0
455,45,915084767,45,45,1.0,False,198,198,5,35,14,39,0.05097145460058531,442,22993,22993,16941,6052,0
456,50,333450895,50,50,1.0,False,209,209,5,130,70,136,0.05081854023678355,442,23129,23129,17056,6073,0
457,10,193210956,10,10,1.0,True,185,185,0,4,2,4,0.0506660846160732,442,23133,23133,17059,6074,0
458,20,579959862,20,20,1.0,True,197,197,0,7,3,7,0.05051408636222498,442,23140,23140,17064,6076,0
459,30,583760033,30,30,1.0,False,188,188,1,34,15,35,0.050362544103138306,442,23175,23175,17089,6086,0
460,40,464671403,40,40,1.0,False,225,225,1,74,33,84,0.05021145647082889,443,23259,23259,17164,6095,0
461,45,303976943,45,45,1.0,True,202,202,0,42,22,43,0.05006082210141641,443,23302,23302,17199,6103,0
462,50,640215451,50,50,1.0,False,217,217,6,101,45,115,0.04991063963511216,443,23417,23417,17287,6130,0
463,10,492049488,10,10,1.0,True,187,187,0,0,0,0,0.04976090771620682,443,23417,23417,17287,6130,0
464,20,987381856,20,20,1.0,True,205,205,0,0,0,0,0.049611624993058205,443,23417,23417,17287,6130,0
465,30,983025386,30,30,1.0,False,215,215,4,32,20,39,0.04946279011807903,443,23456,23456,17315,6141,0
466,40,727626239,40,40,1.0,True,195,195,0,34,14,40,0.04931440174772479,443,23496,23496,17347,6149,0
467,45,253354201,45,45,1.0,True,194,194,0,54,22,56,0.04916645854248162,443,23552,23552,17393,6159,0
468,50,444901266,50,50,1.0,False,220,220,1,77,36,82,0.04901895916685417,443,23634,23634,17455,6179,0
469,10,272548323,10,10,1.0,True,178,178,0,0,0,0,0.048871902289353605,443,23634,23634,17455,6179,0
470,20,15033585,20,20,1.0,True,202,202,0,9,4,9,0.048725286582485546,443,23643,23643,17461,6182,0
471,30,327062341,30,30,1.0,False,216,216,1,50,28,57,0.048579110722738086,443,23700,23700,17504,6196,0
472,40,181465454,40,40,1.0,True,228,228,0,22,11,25,0.04843337339056987,443,23725,23725,17522,6203,0
473,45,921799416,45,45,1.0,False,211,211,1,29,18,37,0.04828807327039816,443,23762,23762,17553,6209,0
474,50,519171954,50,50,1.0,False,227,227,2,76,37,80,0.04814320905058697,443,23842,23842,17618,6224,0
475,10,325621739,10,10,1.0,True,181,181,0,0,0,0,0.04799877942343521,443,23842,23842,17618,6224,0
476,20,887951792,20,20,1.0,False,205,205,1,24,10,26,0.0478547830851649,443,23868,23868,17636,6232,0
477,30,15561442,30,30,1.0,True,207,207,0,97,33,98,0.04771121873590941,443,23966,23966,17730,6236,0
478,40,997378031,40,40,1.0,False,224,224,1,77,34,79,0.04756808507970168,445,24045,24045,17794,6251,0
479,45,332650861,45,45,1.0,False,215,215,4,90,44,96,0.04742538082446257,445,24141,24141,17868,6273,0
480,50,940293504,50,50,1.0,False,197,197,1,38,23,39,0.04728310468198918,445,24180,24180,17897,6283,0
481,10,326515815,10,10,1.0,True,184,184,0,0,0,0,0.04714125536794321,445,24180,24180,17897,6283,0
482,20,863664349,20,20,1.0,True,194,194,0,11,6,13,0.04699983160183938,445,24193,24193,17905,6288,0
483,30,785277142,30,30,1.0,True,215,215,0,24,12,28,0.046858832107033864,445,24221,24221,17923,6298,0
484,40,209073823,40,40,1.0,False,206,206,1,76,38,92,0.046718255610712765,445,24313,24313,17997,6316,0
485,45,328512917,45,45,1.0,False,210,210,8,118,68,121,0.04657810084388063,445,24434,24434,18094,6340,0
486,50,483607297,50,50,1.0,False,198,198,11,139,90,140,0.04643836654134899,445,24574,24574,18194,6380,0
487,10,42318488,10,10,1.0,True,178,178,0,0,0,0,0.04629905144172494,445,24574,24574,18194,6380,0
488,20,883915563,20,20,1.0,True,198,198,0,10,4,10,0.046160154287399766,445,24584,24584,18202,6382,0
489,30,263957356,30,30,1.0,False,210,210,2,25,10,27,0.04602167382453757,445,24611,24611,18221,6390,0
490,40,270551490,40,40,1.0,True,209,209,0,23,14,29,0.045883608803063955,445,24640,24640,18237,6403,0
491,45,646118029,45,45,1.0,False,209,209,5,64,33,67,0.04574595797665476,445,24707,24707,18276,6431,0
492,50,466139031,50,50,1.0,False,222,222,7,99,48,102,0.0456087201027248,445,24809,24809,18337,6472,0
493,10,935211706,10,10,1.0,True,180,180,0,1,2,2,0.04547189394241662,445,24811,24811,18338,6473,0
494,20,538311349,20,20,1.0,True,185,185,0,2,1,2,0.045335478260589375,445,24813,24813,18339,6474,0
495,30,393331560,30,30,1.0,False,184,184,1,24,19,30,0.04519947182580761,445,24843,24843,18352,6491,0
496,40,376482417,40,40,1.0,False,219,219,5,43,24,43,0.045063873410330184,445,24886,24886,18382,6504,0
497,45,742070063,45,45,1.0,True,228,228,0,98,46,103,0.04492868179009919,454,24989,24989,18452,6537,0
498,50,128050717,50,50,1.0,False,219,219,5,121,63,133,0.0447938957447289,464,25122,25122,18529,6593,0
499,10,211837399,10,10,1.0,True,156,156,0,0,0,0,0.04465951405749471,464,25122,25122,18529,6593,0
500,20,33286607,20,20,1.0,True,201,201,0,6,4,7,0.04452553551532222,464,25129,25129,18532,6597,0
501,30,463330860,30,30,1.0,True,203,203,0,37,23,41,0.04439195890877625,464,25170,25170,18552,6618,0
502,40,339978550,40,40,1.0,True,226,226,0,30,15,34,0.04425878303204992,464,25204,25204,18563,6641,0
503,45,260124481,45,45,1.0,False,211,211,1,62,28,66,0.04412600668295377,464,25270,25270,18604,6666,0
504,50,587491223,50,50,1.0,False,211,211,8,104,54,112,0.04399362866290491,469,25382,25382,18661,6721,0
505,10,780200381,10,10,1.0,True,183,183,0,0,0,0,0.043861647776916195,469,25382,25382,18661,6721,0
506,20,301134363,20,20,1.0,False,201,201,1,10,5,10,0.043730062833585444,469,25392,25392,18667,6725,0
507,30,674235241,30,30,1.0,True,214,214,0,31,16,38,0.04359887264508469,469,25430,25430,18683,6747,0
508,40,884603151,40,40,1.0,False,216,216,1,82,34,84,0.04346807602714944,471,25514,25514,18745,6769,0
509,45,697996267,45,45,1.0,True,191,191,0,62,33,69,0.04333767179906799,471,25583,25583,18784,6799,0
510,50,803246738,50,50,1.0,True,197,197,0,77,35,83,0.043207658783670784,471,25666,25666,18832,6834,0
511,10,666979864,10,10,1.0,True,185,185,0,2,1,2,0.043078035807319774,471,25668,25668,18832,6836,0
512,20,887838066,20,20,1.0,True,181,181,0,9,4,9,0.042948801699897815,471,25677,25677,18837,6840,0
513,30,633529572,30,30,1.0,True,194,194,0,19,10,24,0.04281995529479812,471,25701,25701,18845,6856,0
514,40,352625033,40,40,1.0,True,236,236,0,60,23,66,0.04269149542891373,471,25767,25767,18883,6884,0
515,45,882839335,45,45,1.0,False,236,236,2,77,42,80,0.04256342094262699,471,25847,25847,18918,6929,0
516,50,697896302,50,50,1.0,False,199,199,2,61,37,69,0.042435730679799104,471,25916,25916,18944,6972,0
517,10,281779834,10,10,1.0,True,190,190,0,0,0,0,0.042308423487759705,471,25916,25916,18944,6972,0
518,20,376681418,20,20,1.0,True,211,211,0,9,8,12,0.04218149821729643,471,25928,25928,18949,6979,0
519,30,30934526,30,30,1.0,True,210,210,0,24,13,26,0.04205495372264454,471,25954,25954,18959,6995,0
520,40,310570520,40,40,1.0,False,204,204,4,68,34,73,0.04192878886147661,471,26027,26027,19002,7025,0
521,45,814868789,45,45,1.0,False,206,206,1,72,34,81,0.041803002494892175,471,26108,26108,19037,7071,0
522,50,123113343,50,50,1.0,False,220,220,7,102,58,104,0.041677593487407495,472,26212,26212,19106,7106,0
523,10,196637836,10,10,1.0,True,187,187,0,3,3,6,0.041552560706945275,472,26218,26218,19110,7108,0
524,20,846765730,20,20,1.0,True,196,196,0,6,2,7,0.041427903024824436,472,26225,26225,19113,7112,0
525,30,552861127,30,30,1.0,True,229,229,0,31,15,31,0.04130361931574996,472,26256,26256,19130,7126,0
526,40,966774409,40,40,1.0,False,195,195,5,96,48,108,0.04117970845780271,472,26364,26364,19185,7179,0
527,45,221156285,45,45,1.0,False,209,209,1,92,55,104,0.0410561693324293,472,26468,26468,19253,7215,0
528,50,33441778,50,50,1.0,True,213,213,0,51,25,59,0.04093300082443201,472,26527,26527,19285,7242,0
529,10,912241798,10,10,1.0,True,177,177,0,2,1,2,0.040810201821958714,472,26529,26529,19286,7243,0
530,20,769386405,20,20,1.0,False,199,199,1,21,11,21,0.040687771216492835,472,26550,26550,19297,7253,0
531,30,309060112,30,30,1.0,False,190,190,2,48,24,49,0.040565707902843355,472,26599,26599,19327,7272,0
532,40,67035891,40,40,1.0,True,207,207,0,35,13,36,0.04044401077913482,472,26635,26635,19348,7287,0
533,45,884908300,45,45,1.0,False,210,210,4,71,31,74,0.040322678746797416,472,26709,26709,19397,7312,0
534,50,448398197,50,50,1.0,False,237,237,1,66,35,72,0.040201710710557025,472,26781,26781,19429,7352,0
535,10,556170443,10,10,1.0,True,201,201,0,6,2,6,0.040081105578425355,472,26787,26787,19435,7352,0
536,20,339915729,20,20,1.0,True,195,195,0,3,1,3,0.03996086226169008,472,26790,26790,19438,7352,0
537,30,344006974,30,30,1.0,True,196,196,0,13,6,15,0.039840979674905005,472,26805,26805,19450,7355,0
538,40,969376959,40,40,1.0,True,195,195,0,17,6,17,0.03972145673588029,472,26822,26822,19461,7361,0
539,45,116064362,45,45,1.0,False,223,223,3,123,61,130,0.03960229236567265,472,26952,26952,19551,7401,0
540,50,464905217,50,50,1.0,False,213,213,2,104,52,124,0.03948348548857563,475,27076,27076,19637,7439,0
541,10,895409506,10,10,1.0,True,189,189,0,2,1,2,0.039365035032109905,475,27078,27078,19638,7440,0
542,20,548409937,20,20,1.0,True,192,192,0,5,4,6,0.03924693992701357,475,27084,27084,19640,7444,0
543,30,713903261,30,30,1.0,False,230,230,1,43,19,45,0.03912919910723253,475,27129,27129,19677,7452,0
544,40,382216596,40,40,1.0,False,193,193,2,26,11,27,0.039011811509910836,476,27156,27156,19697,7459,0
545,45,860538657,45,45,1.0,False,213,213,3,53,24,63,0.0388947760753811,476,27219,27219,19744,7475,0
546,50,273437893,50,50,1.0,True,208,208,0,53,26,61,0.03877809174715496,476,27280,27280,19790,7490,0
547,10,376734026,10,10,1.0,True,187,187,0,0,0,0,0.03866175747191349,476,27280,27280,19790,7490,0
548,20,261233978,20,20,1.0,True,224,224,0,16,6,16,0.03854577219949775,476,27296,27296,19801,7495,0
549,30,66890837,30,30,1.0,True,196,196,0,13,5,13,0.03843013488289926,476,27309,27309,19811,7498,0
550,40,639685710,40,40,1.0,False,211,211,2,49,27,61,0.03831484447825056,476,27370,27370,19854,7516,0
551,45,15434761,45,45,1.0,True,221,221,0,25,11,29,0.038199899944815804,476,27399,27399,19872,7527,0
552,50,570961524,50,50,1.0,False,221,221,4,122,63,134,0.03808530024498136,476,27533,27533,19964,7569,0
553,10,590683889,10,10,1.0,True,191,191,0,4,2,4,0.03797104434424641,476,27537,27537,19967,7570,0
554,20,503583814,20,20,1.0,True,193,193,0,4,2,4,0.037857131211213674,476,27541,27541,19968,7573,0
555,30,792825353,30,30,1.0,True,188,188,0,12,5,12,0.037743559817580034,476,27553,27553,19976,7577,0
556,40,905795539,40,40,1.0,True,210,210,0,33,15,35,0.03763032913812729,476,27588,27588,20003,7585,0
557,45,719962924,45,45,1.0,True,238,238,0,49,19,52,0.03751743815071291,476,27640,27640,20037,7603,0
558,50,96150513,50,50,1.0,False,209,209,3,82,41,84,0.03740488583626077,476,27724,27724,20097,7627,0
559,10,278381623,10,10,1.0,True,176,176,0,0,0,0,0.037292671178751985,476,27724,27724,20097,7627,0
560,20,481981573,20,20,1.0,False,221,221,1,24,11,27,0.03718079316521573,476,27751,27751,20117,7634,0
561,30,325888446,30,30,1.0,False,191,191,1,51,24,53,0.03706925078572008,476,27804,27804,20157,7647,0
562,40,84607207,40,40,1.0,False,242,242,6,60,31,61,0.03695804303336292,476,27865,27865,20204,7661,0
563,45,349271061,45,45,1.0,True,204,204,0,31,15,34,0.03684716890426283,476,27899,27899,20231,7668,0
564,50,463492336,50,50,1.0,True,210,210,0,59,33,68,0.03673662739755004,478,27967,27967,20280,7687,0
565,10,653810537,10,10,1.0,True,200,200,0,0,0,0,0.03662641751535739,478,27967,27967,20280,7687,0
566,20,358315977,20,20,1.0,False,238,238,1,49,27,55,0.036516538262811316,478,28022,28022,20319,7703,0
567,30,774674778,30,30,1.0,True,192,192,0,18,7,18,0.03640698864802288,478,28040,28040,20333,7707,0
568,40,192571308,40,40,1.0,False,221,221,3,111,69,117,0.03629776768207881,478,28157,28157,20416,7741,0
569,45,416243490,45,45,1.0,True,206,206,0,70,39,77,0.03618887437903257,479,28234,28234,20471,7763,0
570,50,155779561,50,50,1.0,True,206,206,0,76,35,88,0.03608030775589548,479,28322,28322,20539,7783,0
571,10,767895614,10,10,1.0,True,194,194,0,0,0,0,0.03597206683262779,479,28322,28322,20539,7783,0
572,20,330302829,20,20,1.0,True,188,188,0,5,4,6,0.03586415063212991,479,28328,28328,20542,7786,0
573,30,141127214,30,30,1.0,False,222,222,2,39,21,39,0.035756558180233516,479,28367,28367,20570,7797,0
574,40,770187297,40,40,1.0,False,212,212,4,108,56,116,0.035649288505692815,479,28483,28483,20653,7830,0
575,45,190068109,45,45,1.0,True,205,205,0,34,18,38,0.03554234064017574,479,28521,28521,20679,7842,0
576,50,501291620,50,50,1.0,False,204,204,3,78,41,86,0.03543571361825521,479,28607,28607,20753,7854,0
577,10,869652173,10,10,1.0,True,196,196,0,6,3,6,0.035329406477400446,479,28613,28613,20759,7854,0
578,20,861201564,20,20,1.0,True,187,187,0,10,4,10,0.03522341825796824,479,28623,28623,20766,7857,0
579,30,399984169,30,30,1.0,True,223,223,0,18,7,18,0.03511774800319434,479,28641,28641,20781,7860,0
580,40,376887032,40,40,1.0,False,198,198,6,62,34,64,0.03501239475918475,479,28705,28705,20832,7873,0
581,45,323733851,45,45,1.0,False,226,226,2,81,40,99,0.0349073575749072,479,28804,28804,20901,7903,0
582,50,805404851,50,50,1.0,False,245,245,3,119,68,126,0.034802635502182475,479,28930,28930,20977,7953,0
583,10,318524098,10,10,1.0,True,166,166,0,5,2,5,0.03469822759567593,479,28935,28935,20981,7954,0
584,20,308030409,20,20,1.0,False,208,208,4,41,23,44,0.0345941329128889,479,28979,28979,21013,7966,0
585,30,349392544,30,30,1.0,True,211,211,0,15,14,21,0.03449035051415024,479,29000,29000,21018,7982,0
586,40,715708601,40,40,1.0,False,223,223,1,62,31,73,0.03438687946260779,479,29073,29073,21062,8011,0
587,45,632267569,45,45,1.0,False,234,234,3,94,43,99,0.03428371882421996,481,29172,29172,21122,8050,0
588,50,1209309,50,50,1.0,False,211,211,3,78,34,80,0.0341808676677473,481,29252,29252,21166,8086,0
589,10,334631621,10,10,1.0,True,179,179,0,0,3,2,0.03407832506474406,481,29254,29254,21166,8088,0
590,20,170033329,20,20,1.0,True,184,184,0,0,0,0,0.033976090089549826,481,29254,29254,21166,8088,0
591,30,635588087,30,30,1.0,True,197,197,0,15,10,19,0.03387416181928118,481,29273,29273,21176,8097,0
592,40,68047008,40,40,1.0,False,233,233,3,54,27,58,0.033772539333823334,481,29331,29331,21209,8122,0
593,45,445688943,45,45,1.0,False,204,204,1,21,13,26,0.03367122171582186,481,29357,29357,21221,8136,0
594,50,574715284,50,50,1.0,False,219,219,2,95,42,103,0.03357020805067439,481,29460,29460,21272,8188,0
595,10,785986152,10,10,1.0,True,184,184,0,0,0,0,0.03346949742652237,481,29460,29460,21272,8188,0
596,20,626775331,20,20,1.0,True,198,198,0,8,3,9,0.0333690889342428,481,29469,29469,21278,8191,0
597,30,918937552,30,30,1.0,True,202,202,0,24,16,33,0.03326898166744007,481,29502,29502,21293,8209,0
598,40,343383381,40,40,1.0,False,203,203,5,99,58,106,0.03316917472243775,481,29608,29608,21346,8262,0
599,45,196578968,45,45,1.0,False,214,214,1,91,69,120,0.03306966719827044,481,29728,29728,21395,8333,0
600,50,931526920,50,50,1.0,False,198,198,4,69,37,74,0.03297045819667563,481,29802,29802,21440,8362,0
601,10,161103700,10,10,1.0,True,184,184,0,0,0,0,0.0328715468220856,481,29802,29802,21440,8362,0
602,20,996652997,20,20,1.0,True,189,189,0,4,3,5,0.03277293218161934,481,29807,29807,21443,8364,0
603,30,530307452,30,30,1.0,True,210,210,0,60,33,63,0.032674613385074484,481,29870,29870,21474,8396,0
604,40,705586846,40,40,1.0,False,220,220,15,96,88,117,0.03257658954491926,481,29987,29987,21531,8456,0
605,45,135121459,45,45,1.0,False,215,215,1,88,48,97,0.0324788597762845,481,30084,30084,21585,8499,0
606,50,442011044,50,50,1.0,False,208,208,1,44,21,50,0.032381423196955646,481,30134,30134,21610,8524,0
607,10,256993636,10,10,1.0,True,175,175,0,0,0,0,0.03228427892736478,481,30134,30134,21610,8524,0
608,20,178137519,20,20,1.0,True,196,196,0,8,4,8,0.032187426090582685,481,30142,30142,21611,8531,0
609,30,671750154,30,30,1.0,True,203,203,0,15,7,16,0.03209086381231094,481,30158,30158,21620,8538,0
610,40,931959468,40,40,1.0,False,213,213,5,65,31,69,0.031994591220874,482,30227,30227,21665,8562,0
611,45,310344042,45,45,1.0,True,207,207,0,75,29,81,0.03189860744721138,482,30308,30308,21725,8583,0
612,50,636203465,50,50,1.0,False,208,208,1,56,25,59,0.03180291162486975,484,30367,30367,21769,8598,0
613,10,177124869,10,10,1.0,True,175,175,0,0,0,0,0.03170750288999514,484,30367,30367,21769,8598,0
614,20,461444377,20,20,1.0,True,205,205,0,9,3,9,0.031612380381325154,484,30376,30376,21776,8600,0
615,30,571636170,30,30,1.0,True,186,186,0,28,9,29,0.031517543240181176,484,30405,30405,21798,8607,0
616,40,953387253,40,40,1.0,False,224,224,1,53,28,57,0.03142299061046063,484,30462,30462,21839,8623,0
617,45,214935478,45,45,1.0,True,209,209,0,50,25,56,0.03132872163862925,484,30518,30518,21883,8635,0
618,50,727316755,50,50,1.0,False,225,225,3,76,39,82,0.031234735473713363,484,30600,30600,21947,8653,0
619,10,686410423,10,10,1.0,True,202,202,0,2,1,2,0.031141031267292223,484,30602,30602,21949,8653,0
620,20,526087770,20,20,1.0,True,187,187,0,6,3,8,0.031047608173490344,484,30610,30610,21954,8656,0
621,30,815745108,30,30,1.0,True,194,194,0,26,11,29,0.030954465348969874,484,30639,30639,21976,8663,0
622,40,132679698,40,40,1.0,True,202,202,0,33,15,43,0.030861601952922965,484,30682,30682,22011,8671,0
623,45,12582827,45,45,1.0,True,199,199,0,22,11,23,0.030769017147064197,484,30705,30705,22030,8675,0
624,50,657869358,50,50,1.0,False,214,214,5,106,46,111,0.030676710095623005,486,30816,30816,22121,8695,0
625,10,679239257,10,10,1.0,True,186,186,0,6,3,6,0.030584679965336137,486,30822,30822,22124,8698,0
626,20,654777935,20,20,1.0,True,212,212,0,4,2,4,0.030492925925440128,486,30826,30826,22126,8700,0
627,30,205630813,30,30,1.0,True,197,197,0,25,10,27,0.030401447147663806,486,30853,30853,22144,8709,0
628,40,169980651,40,40,1.0,False,257,257,4,66,37,72,0.030310242806220813,486,30925,30925,22200,8725,0
629,45,361823366,45,45,1.0,False,186,186,1,63,35,67,0.030219312077802152,486,30992,30992,22249,8743,0
630,50,589770232,50,50,1.0,False,208,208,6,101,53,109,0.030128654141568744,486,31101,31101,22331,8770,0
631,10,776537876,10,10,1.0,True,173,173,0,0,0,0,0.030038268179144036,486,31101,31101,22331,8770,0
632,20,298250270,20,20,1.0,True,174,174,0,3,1,3,0.029948153374606604,486,31104,31104,22334,8770,0
633,30,658192141,30,30,1.0,True,211,211,0,33,14,35,0.029858308914482785,486,31139,31139,22363,8776,0
634,40,337109917,40,40,1.0,False,205,205,6,79,38,81,0.029768733987739337,486,31220,31220,22433,8787,0
635,45,511647567,45,45,1.0,False,221,221,3,75,34,83,0.02967942778577612,488,31303,31303,22506,8797,0
636,50,810157812,50,48,0.96,False,700,700,2,1180,396,1189,0.029590389502418792,490,32492,32492,23486,9006,0
637,10,776435399,10,10,1.0,True,191,191,0,2,1,2,0.029501618333911534,490,32494,32494,23488,9006,0
638,20,372378530,20,20,1.0,True,180,180,0,2,1,2,0.0294131134789098,490,32496,32496,23489,9007,0
639,30,184468802,30,30,1.0,True,179,179,0,7,4,8,0.02932487413847307,490,32504,32504,23496,9008,0
640,40,295612711,40,40,1.0,False,235,235,1,67,32,72,0.02923689951605765,490,32576,32576,23556,9020,0
641,45,186504233,45,45,1.0,False,203,203,3,112,56,120,0.02914918881750948,490,32696,32696,23649,9047,0
642,50,769034074,50,50,1.0,False,217,217,5,69,37,74,0.02906174125105695,490,32770,32770,23704,9066,0
643,10,713947490,10,10,1.0,True,203,203,0,0,0,0,0.02897455602730378,490,32770,32770,23704,9066,0
644,20,919302746,20,20,1.0,True,187,187,0,2,1,2,0.028887632359221867,490,32772,32772,23705,9067,0
645,30,88969369,30,30,1.0,True,205,205,0,25,10,25,0.0288009694621442,490,32797,32797,23729,9068,0
646,40,120427949,40,40,1.0,False,207,207,1,59,28,65,0.02871456655375777,490,32862,32862,23781,9081,0
647,45,601190782,45,45,1.0,True,208,208,0,34,14,36,0.028628422854096496,490,32898,32898,23816,9082,0
648,50,73624152,50,50,1.0,False,199,199,4,102,39,105,0.028542537585534204,491,33003,33003,23909,9094,0
649,10,797911917,10,10,1.0,True,162,162,0,0,0,0,0.0284569099727776,491,33003,33003,23909,9094,0
650,20,30517639,20,20,1.0,True,196,196,0,8,4,10,0.02837153924285927,491,33013,33013,23917,9096,0
651,30,980592868,30,30,1.0,False,199,199,1,61,31,64,0.02828642462513069,491,33077,33077,23968,9109,0
652,40,184081500,40,40,1.0,True,199,199,0,35,18,38,0.0282015653512553,491,33115,33115,24001,9114,0
653,45,821804652,45,45,1.0,True,211,211,0,71,34,79,0.028116960655201535,494,33194,33194,24067,9127,0
654,50,151154409,50,50,1.0,False,223,223,11,162,71,179,0.02803260977323593,494,33373,33373,24221,9152,0
655,10,590150887,10,10,1.0,True,196,196,0,0,0,0,0.027948511943916222,494,33373,33373,24221,9152,0
656,20,716416350,20,20,1.0,True,200,200,0,2,1,2,0.027864666408084472,494,33375,33375,24223,9152,0
657,30,429565512,30,30,1.0,True,205,205,0,17,10,20,0.02778107240886022,494,33395,33395,24240,9155,0
658,40,579933091,40,40,1.0,False,220,220,1,60,28,61,0.02769772919163364,497,33456,33456,24297,9159,0
659,45,676445093,45,45,1.0,False,198,198,3,73,35,76,0.02761463600405874,497,33532,33532,24364,9168,0
660,50,133317412,50,50,1.0,False,202,202,9,123,66,127,0.027531792096046566,499,33659,33659,24475,9184,0
661,10,696163144,10,10,1.0,True,199,199,0,0,0,0,0.027449196719758425,499,33659,33659,24475,9184,0
662,20,505508285,20,20,1.0,True,186,186,0,5,2,5,0.02736684912959915,499,33664,33664,24480,9184,0
663,30,656258581,30,30,1.0,True,191,191,0,0,0,0,0.02728474858221035,499,33664,33664,24480,9184,0
664,40,215861775,40,40,1.0,True,193,193,0,4,2,5,0.02720289433646372,499,33669,33669,24484,9185,0
665,45,766709612,45,45,1.0,False,218,218,5,56,26,60,0.027121285653454327,499,33729,33729,24539,9190,0
666,50,19852066,50,50,1.0,False,199,199,6,87,51,90,0.027039921796493963,499,33819,33819,24616,9203,0
667,10,800276802,10,10,1.0,True,189,189,0,0,0,0,0.02695880203110448,499,33819,33819,24616,9203,0
668,20,873041708,20,20,1.0,False,215,215,1,47,23,47,0.026877925625011168,499,33866,33866,24659,9207,0
669,30,971028912,30,30,1.0,True,188,188,0,11,5,11,0.026797291848136135,499,33877,33877,24669,9208,0
670,40,666406906,40,40,1.0,True,194,194,0,16,7,18,0.026716899972591728,499,33895,33895,24683,9212,0
671,45,636403132,45,45,1.0,False,201,201,1,35,17,39,0.026636749272673954,499,33934,33934,24717,9217,0
672,50,940755286,50,50,1.0,False,221,221,1,63,28,67,0.026556839024855932,499,34001,34001,24775,9226,0
673,10,598060738,10,10,1.0,True,198,198,0,5,2,5,0.026477168507781364,499,34006,34006,24779,9227,0
674,20,794938564,20,20,1.0,True,210,210,0,18,9,21,0.02639773700225802,499,34027,34027,24797,9230,0
675,30,462979723,30,30,1.0,True,200,200,0,10,5,10,0.02631854379125125,499,34037,34037,24806,9231,0
676,40,408147034,40,40,1.0,True,197,197,0,45,18,46,0.026239588159877494,499,34083,34083,24849,9234,0
677,45,33427175,45,45,1.0,False,206,206,9,136,76,144,0.026160869395397864,499,34227,34227,24982,9245,0
678,50,861663015,50,50,1.0,False,209,209,2,49,23,53,0.02608238678721167,499,34280,34280,25027,9253,0
679,10,586893885,10,10,1.0,True,195,195,0,0,0,0,0.026004139626850036,499,34280,34280,25027,9253,0
680,20,392194384,20,20,1.0,True,196,196,0,24,12,25,0.025926127207969486,499,34305,34305,25048,9257,0
681,30,22004140,30,30,1.0,True,196,196,0,26,14,27,0.025848348826345575,499,34332,34332,25072,9260,0
682,40,889762105,40,40,1.0,True,187,187,0,23,11,25,0.025770803779866538,499,34357,34357,25094,9263,0
683,45,482884704,45,45,1.0,True,202,202,0,39,16,41,0.025693491368526937,499,34398,34398,25131,9267,0
684,50,943903555,50,50,1.0,False,202,202,2,78,38,83,0.025616410894421356,499,34481,34481,25207,9274,0
685,10,94707983,10,10,1.0,True,187,187,0,4,2,6,0.02553956166173809,499,34487,34487,25211,9276,0
686,20,962945357,20,20,1.0,True,198,198,0,5,2,5,0.025462942976752875,499,34492,34492,25216,9276,0
687,30,203873167,30,30,1.0,True,192,192,0,11,5,11,0.025386554147822617,499,34503,34503,25226,9277,0
688,40,977291905,40,40,1.0,True,207,207,0,41,21,44,0.02531039448537915,499,34547,34547,25262,9285,0
689,45,160796910,45,45,1.0,True,220,220,0,72,32,72,0.025234463301923013,499,34619,34619,25330,9289,0
690,50,743480017,50,50,1.0,False,233,233,8,150,61,172,0.025158759912017242,501,34791,34791,25492,9299,0
691,10,165460005,10,10,1.0,False,185,185,1,16,9,16,0.02508328363228119,501,34807,34807,25507,9300,0
692,20,534933794,20,20,1.0,True,193,193,0,4,2,4,0.02500803378138435,501,34811,34811,25511,9300,0
693,30,781120019,30,30,1.0,True,194,194,0,10,4,10,0.024933009680040197,501,34821,34821,25521,9300,0
694,40,309826324,40,40,1.0,False,211,211,4,101,51,111,0.024858210651000075,501,34932,34932,25617,9315,0
695,45,686246576,45,45,1.0,False,208,208,4,71,39,72,0.024783636019047074,501,35004,35004,25679,9325,0
696,50,344048028,50,50,1.0,False,234,234,1,80,34,88,0.024709285110989933,501,35092,35092,25754,9338,0
697,10,958411343,10,10,1.0,True,192,192,0,0,0,0,0.024635157255656962,501,35092,35092,25754,9338,0
698,20,892317345,20,20,1.0,True,196,196,0,5,3,6,0.02456125178388999,501,35098,35098,25758,9340,0
699,30,384985756,30,30,1.0,True,186,186,0,7,3,7,0.02448756802853832,501,35105,35105,25764,9341,0
700,40,793587933,40,40,1.0,False,210,210,2,70,32,80,0.024414105324452703,501,35185,35185,25833,9352,0
701,45,225972739,45,45,1.0,False,220,220,1,40,20,47,0.024340863008479343,501,35232,35232,25870,9362,0
702,50,555443274,50,50,1.0,False,208,208,2,65,30,69,0.024267840419453904,501,35301,35301,25932,9369,0
703,10,812938156,10,10,1.0,True,187,187,0,5,2,5,0.024195036898195542,501,35306,35306,25937,9369,0
704,20,696110915,20,20,1.0,True,205,205,0,29,14,31,0.024122451787500956,501,35337,35337,25966,9371,0
705,30,976511483,30,30,1.0,False,198,198,3,40,24,41,0.024050084432138453,501,35378,35378,26001,9377,0
706,40,158091905,40,40,1.0,False,202,202,1,49,25,54,0.023977934178842038,501,35432,35432,26047,9385,0
707,45,221238906,45,45,1.0,False,204,204,1,67,29,73,0.02390600037630551,501,35505,35505,26110,9395,0
708,50,610627416,50,50,1.0,True,224,224,0,50,22,57,0.023834282375176593,501,35562,35562,26157,9405,0
709,10,149301753,10,10,1.0,True,192,192,0,0,0,0,0.023762779528051062,501,35562,35562,26157,9405,0
710,20,218755306,20,20,1.0,True,193,193,0,7,3,7,0.02369149118946691,501,35569,35569,26164,9405,0
711,30,120528698,30,30,1.0,False,188,188,1,28,14,28,0.02362041671589851,501,35597,35597,26191,9406,0
712,40,345584943,40,40,1.0,False,204,204,6,69,37,69,0.023549555465750813,501,35666,35666,26253,9413,0
713,45,592566099,45,45,1.0,False,195,195,1,33,19,39,0.02347890679935356,501,35705,35705,26279,9426,0
714,50,991241230,50,50,1.0,False,203,203,2,56,33,64,0.0234084700789555,501,35769,35769,26329,9440,0
715,10,893406668,10,10,1.0,True,184,184,0,0,0,0,0.023338244668718634,501,35769,35769,26329,9440,0
716,20,847690993,20,20,1.0,True,206,206,0,2,1,2,0.02326822993471248,501,35771,35771,26330,9441,0
717,30,265911794,30,30,1.0,False,217,217,2,57,29,64,0.023198425244908342,501,35835,35835,26381,9454,0
718,40,849447710,40,40,1.0,False,195,195,6,70,44,70,0.023128829969173616,501,35905,35905,26431,9474,0
719,45,142750691,45,45,1.0,False,216,216,3,108,61,114,0.023059443479266094,501,36019,36019,26507,9512,0
720,50,49895910,50,50,1.0,False,188,188,3,63,27,75,0.022990265148828296,501,36094,36094,26566,9528,0
721,10,108599160,10,10,1.0,True,209,209,0,4,2,4,0.02292129435338181,501,36098,36098,26568,9530,0
722,20,224617829,20,20,1.0,False,193,193,1,17,9,17,0.022852530470321666,504,36115,36115,26579,9536,0
723,30,242437455,30,30,1.0,False,216,216,1,47,22,52,0.0227839728789107,504,36167,36167,26617,9550,0
724,40,587101519,40,38,0.95,False,700,700,0,1192,403,1198,0.022715620960273967,506,37365,37365,27783,9582,0
725,45,427691424,45,45,1.0,False,209,209,3,91,42,101,0.022647474097393146,506,37466,37466,27858,9608,0
726,50,813938131,50,50,1.0,False,209,209,9,168,105,185,0.022579531675100968,506,37651,37651,28008,9643,0
727,10,492087588,10,10,1.0,True,192,192,0,0,0,0,0.022511793080075664,506,37651,37651,28008,9643,0
728,20,530176071,20,20,1.0,True,177,177,0,5,2,5,0.022444257700835437,506,37656,37656,28012,9644,0
729,30,82342643,30,30,1.0,True,202,202,0,25,13,33,0.02237692492773293,506,37689,37689,28034,9655,0
730,40,738457496,40,40,1.0,True,195,195,0,50,18,50,0.022309794152949734,506,37739,37739,28056,9683,0
731,45,633248231,45,43,0.9555555555555556,False,700,700,3,1188,411,1196,0.022242864770490884,506,38935,38935,29214,9721,0
732,50,386080168,50,50,1.0,True,202,202,0,55,27,65,0.02217613617617941,506,39000,39000,29248,9752,0
733,10,280089942,10,10,1.0,True,170,170,0,0,0,0,0.022109607767650873,506,39000,39000,29248,9752,0
734,20,405325839,20,20,1.0,True,198,198,0,27,11,30,0.022043278944347922,506,39030,39030,29263,9767,0
735,30,362761409,30,30,1.0,True,220,220,0,19,7,19,0.021977149107514877,506,39049,39049,29270,9779,0
736,40,559245468,40,40,1.0,True,202,202,0,36,21,40,0.02191121766019233,506,39089,39089,29290,9799,0
737,45,543736535,45,45,1.0,False,213,213,1,96,45,109,0.021845484007211754,506,39198,39198,29358,9840,0
738,50,2147359,50,50,1.0,False,209,209,1,52,22,56,0.021779947555190117,506,39254,39254,29385,9869,0
739,10,68242886,10,10,1.0,True,177,177,0,0,0,0,0.021714607712524547,506,39254,39254,29385,9869,0
740,20,215276163,20,20,1.0,False,182,182,1,35,23,35,0.021649463889386975,506,39289,39289,29405,9884,0
741,30,876635989,30,30,1.0,True,185,185,0,8,4,8,0.021584515497718813,506,39297,39297,29408,9889,0
742,40,376841522,40,40,1.0,False,212,212,1,34,17,38,0.021519761951225656,506,39335,39335,29426,9909,0
743,45,164114218,45,45,1.0,False,197,197,1,77,40,82,0.02145520266537198,506,39417,39417,29483,9934,0
744,50,704807969,50,50,1.0,False,234,234,4,104,52,116,0.021390837057375864,506,39533,39533,29545,9988,0
745,10,294041879,10,10,1.0,True,183,183,0,0,0,0,0.021326664546203737,506,39533,39533,29545,9988,0
746,20,211241092,20,20,1.0,True,181,181,0,0,4,3,0.021262684552565126,506,39536,39536,29545,9991,0
747,30,830159649,30,30,1.0,True,191,191,0,10,6,13,0.02119889649890743,506,39549,39549,29547,10002,0
748,40,261530803,40,40,1.0,False,202,202,1,52,29,60,0.02113529980941071,506,39609,39609,29581,10028,0
749,45,115820631,45,45,1.0,False,205,205,1,51,29,60,0.021071893909982476,506,39669,39669,29619,10050,0
750,50,127030746,50,50,1.0,False,224,224,4,77,40,89,0.021008678228252527,507,39758,39758,29680,10078,0
751,10,698790890,10,10,1.0,True,191,191,0,0,0,0,0.020945652193567768,507,39758,39758,29680,10078,0
752,20,394226465,20,20,1.0,True,194,194,0,16,9,17,0.020882815236987064,507,39775,39775,29688,10087,0
753,30,441159166,30,30,1.0,True,205,205,0,16,7,17,0.020820166791276105,507,39792,39792,29701,10091,0
754,40,147461772,40,40,1.0,False,220,220,3,49,24,51,0.020757706290902275,507,39843,39843,29732,10111,0
755,45,840783565,45,45,1.0,False,198,198,2,36,20,43,0.020695433172029567,507,39886,39886,29752,10134,0
756,50,585490941,50,50,1.0,False,198,198,1,79,33,84,0.02063334687251348,507,39970,39970,29798,10172,0
757,10,767656566,10,10,1.0,True,171,171,0,6,5,11,0.020571446831895938,507,39981,39981,29803,10178,0
758,20,66352318,20,20,1.0,True,178,178,0,0,0,0,0.02050973249140025,507,39981,39981,29803,10178,0
759,30,877131833,30,30,1.0,True,195,195,0,28,14,28,0.02044820329392605,507,40009,40009,29817,10192,0
760,40,599951100,40,40,1.0,False,194,194,2,29,18,32,0.02038685868404427,507,40041,40041,29836,10205,0
761,45,708532534,45,45,1.0,False,211,211,1,37,21,40,0.020325698107992136,507,40081,40081,29855,10226,0
762,50,659812342,50,50,1.0,False,219,219,2,102,46,107,0.02026472101366816,507,40188,40188,29934,10254,0
763,10,766998041,10,10,1.0,True,200,200,0,3,1,3,0.020203926850627156,507,40191,40191,29937,10254,0
764,20,104065276,20,20,1.0,True,193,193,0,2,1,2,0.020143315070075274,507,40193,40193,29938,10255,0
765,30,32743522,30,30,1.0,True,207,207,0,29,12,29,0.020082885124865047,507,40222,40222,29953,10269,0
766,40,460233615,40,40,1.0,False,208,208,1,56,27,56,0.020022636469490453,507,40278,40278,29994,10284,0
767,45,588621283,45,45,1.0,False,214,214,4,108,51,112,0.01996256856008198,507,40390,40390,30069,10321,0
768,50,421223321,50,50,1.0,False,201,201,5,103,55,114,0.019902680854401736,507,40504,40504,30145,10359,0
769,10,364880740,10,10,1.0,True,191,191,0,2,1,2,0.01984297281183853,507,40506,40506,30145,10361,0
770,20,274886645,20,20,1.0,True,192,192,0,7,3,7,0.019783443893403016,507,40513,40513,30150,10363,0
771,30,911655862,30,30,1.0,True,221,221,0,27,12,30,0.019724093561722805,507,40543,40543,30174,10369,0
772,40,391821882,40,40,1.0,False,207,207,1,41,24,51,0.019664921281037636,509,40594,40594,30214,10380,0
773,45,406314903,45,45,1.0,False,224,224,2,82,42,90,0.019605926517194523,510,40684,40684,30267,10417,0
774,50,951362596,50,50,1.0,True,193,193,0,34,16,41,0.01954710873764294,510,40725,40725,30285,10440,0
775,10,369649941,10,10,1.0,True,192,192,0,0,0,0,0.01948846741143001,510,40725,40725,30285,10440,0
776,20,239053278,20,20,1.0,True,199,199,0,10,8,15,0.01943000200919572,510,40740,40740,30295,10445,0
777,30,542298601,30,30,1.0,True,201,201,0,19,9,22,0.01937171200316813,510,40762,40762,30306,10456,0
778,40,122127198,40,40,1.0,False,198,198,2,59,31,75,0.01931359686715863,510,40837,40837,30348,10489,0
779,45,558109795,45,45,1.0,False,204,204,1,42,21,47,0.019255656076557152,510,40884,40884,30373,10511,0
780,50,359437984,50,50,1.0,False,220,220,3,220,95,225,0.01919788910832748,510,41109,41109,30516,10593,0
781,10,408048070,10,10,1.0,True,182,182,0,4,3,5,0.0191402954410025,510,41114,41114,30517,10597,0
782,20,181766584,20,20,1.0,True,205,205,0,20,15,25,0.019082874554679493,510,41139,41139,30526,10613,0
783,30,108098693,30,30,1.0,False,204,204,1,31,17,31,0.019025625931015453,510,41170,41170,30547,10623,0
784,40,25131972,40,40,1.0,True,204,204,0,35,24,40,0.018968549053222407,510,41210,41210,30567,10643,0
785,45,753560285,45,45,1.0,False,216,216,2,61,34,68,0.01891164340606274,510,41278,41278,30607,10671,0
786,50,980191703,50,50,1.0,False,199,199,2,90,59,98,0.01885490847584455,510,41376,41376,30659,10717,0
787,10,330818921,10,10,1.0,True,176,176,0,0,0,0,0.01879834375041702,510,41376,41376,30659,10717,0
788,20,588077517,20,20,1.0,True,191,191,0,8,6,11,0.018741948719165766,510,41387,41387,30661,10726,0
789,30,278380465,30,30,1.0,False,218,218,1,23,13,24,0.018685722873008268,510,41411,41411,30675,10736,0
790,40,28526920,40,40,1.0,False,196,196,2,38,24,48,0.018629665704389245,510,41459,41459,30701,10758,0
791,45,773727755,45,45,1.0,False,214,214,3,98,49,101,0.018573776707276078,510,41560,41560,30768,10792,0
792,50,570419588,50,50,1.0,False,202,202,5,139,71,157,0.01851805537715425,510,41717,41717,30867,10850,0
793,10,915868352,10,10,1.0,True,193,193,0,1,2,2,0.01846250121102279,510,41719,41719,30867,10852,0
794,20,186995031,20,20,1.0,True,209,209,0,9,4,9,0.01840711370738972,510,41728,41728,30872,10856,0
795,30,610129965,30,30,1.0,True,215,215,0,23,11,24,0.01835189236626755,510,41752,41752,30881,10871,0
796,40,518949404,40,40,1.0,False,227,227,4,93,48,97,0.018296836689168747,510,41849,41849,30960,10889,0
797,45,460469379,45,45,1.0,True,238,238,0,73,36,78,0.01824194617910124,510,41927,41927,31013,10914,0
798,50,818111285,50,50,1.0,False,215,215,1,70,29,76,0.018187220340563935,510,42003,42003,31067,10936,0
799,10,477250202,10,10,1.0,True,186,186,0,1,1,2,0.018132658679542245,510,42005,42005,31068,10937,0
800,20,426936553,20,20,1.0,True,209,209,0,8,3,9,0.01807826070350362,510,42014,42014,31074,10940,0
801,30,295322155,30,30,1.0,False,198,198,1,24,16,26,0.018024025921393107,510,42040,42040,31087,10953,0
802,40,840285455,40,40,1.0,False,230,230,1,53,26,56,0.017969953843628927,510,42096,42096,31123,10973,0
803,45,843154363,45,45,1.0,False,233,233,2,77,33,86,0.01791604398209804,510,42182,42182,31186,10996,0
804,50,529202729,50,50,1.0,False,205,205,1,106,46,120,0.017862295850151748,510,42302,42302,31282,11020,0
805,10,753874316,10,10,1.0,True,179,179,0,0,0,0,0.017808708962601293,510,42302,42302,31282,11020,0
806,20,86215526,20,20,1.0,False,210,210,3,17,5,17,0.01775528283571349,510,42319,42319,31296,11023,0
807,30,211446747,30,30,1.0,True,189,189,0,24,13,32,0.01770201698720635,510,42351,42351,31322,11029,0
808,40,429965778,40,40,1.0,False,210,210,3,81,46,88,0.01764891093624473,510,42439,42439,31382,11057,0
809,45,870021957,45,45,1.0,True,205,205,0,71,31,80,0.017595964203435996,510,42519,42519,31438,11081,0
810,50,639417131,50,50,1.0,False,218,218,2,60,29,65,0.01754317631082569,510,42584,42584,31485,11099,0
811,10,835146886,10,10,1.0,True,178,178,0,0,0,0,0.017490546781893213,510,42584,42584,31485,11099,0
812,20,915641294,20,20,1.0,True,191,191,0,12,5,12,0.01743807514154753,510,42596,42596,31492,11104,0
813,30,776387722,30,30,1.0,True,191,191,0,12,7,15,0.01738576091612289,510,42611,42611,31502,11109,0
814,40,565964452,40,40,1.0,True,211,211,0,23,9,24,0.01733360363337452,510,42635,42635,31515,11120,0
815,45,461457903,45,45,1.0,False,207,207,3,86,43,89,0.017281602822474394,512,42724,42724,31571,11153,0
816,50,408437587,50,50,1.0,False,234,234,5,105,53,122,0.01722975801400697,512,42846,42846,31665,11181,0
817,10,166122531,10,10,1.0,True,181,181,0,0,0,0,0.017178068739964948,512,42846,42846,31665,11181,0
818,20,754326348,20,20,1.0,True,184,184,0,8,3,9,0.017126534533745054,512,42855,42855,31670,11185,0
819,30,398314706,30,30,1.0,True,192,192,0,23,11,25,0.017075154930143818,512,42880,42880,31685,11195,0
820,40,878628218,40,40,1.0,True,197,197,0,25,16,30,0.017023929465353388,512,42910,42910,31703,11207,0
821,45,55256649,45,43,0.9555555555555556,False,700,700,1,1135,388,1141,0.016972857676957328,512,44051,44051,32623,11428,0
822,50,992519676,50,50,1.0,False,202,202,2,44,23,50,0.016921939103926455,512,44101,44101,32657,11444,0
823,10,773619907,10,10,1.0,True,184,184,0,0,0,0,0.016871173286614676,512,44101,44101,32657,11444,0
824,20,934675778,20,20,1.0,True,193,193,0,19,9,24,0.016820559766754832,512,44125,44125,32673,11452,0
825,30,188159837,30,30,1.0,True,199,199,0,27,12,31,0.01677009808745457,512,44156,44156,32691,11465,0
826,40,937239833,40,40,1.0,True,208,208,0,49,25,52,0.016719787793192206,512,44208,44208,32724,11484,0
827,45,574177412,45,45,1.0,False,197,197,2,50,25,55,0.01666962842981263,512,44263,44263,32763,11500,0
828,50,365345994,50,50,1.0,False,234,234,3,117,56,124,0.016619619544523193,512,44387,44387,32831,11556,0
829,10,364152003,10,10,1.0,True,187,187,0,0,0,0,0.016569760685889622,512,44387,44387,32831,11556,0
830,20,405788980,20,20,1.0,True,189,189,0,9,4,11,0.016520051403831955,512,44398,44398,32838,11560,0
831,30,346452762,30,30,1.0,True,188,188,0,25,14,30,0.01647049124962046,512,44428,44428,32858,11570,0
832,40,664372366,40,40,1.0,True,206,206,0,51,22,56,0.016421079775871598,512,44484,44484,32897,11587,0
833,45,324723072,45,45,1.0,False,216,216,2,51,24,55,0.016371816536543984,512,44539,44539,32933,11606,0
834,50,128730890,50,50,1.0,False,227,227,2,131,68,146,0.01632270108693435,512,44685,44685,33023,11662,0
835,10,332800649,10,10,1.0,True,191,191,0,0,0,0,0.016273732983673548,512,44685,44685,33023,11662,0
836,20,330692906,20,20,1.0,True,186,186,0,21,11,21,0.016224911784722528,512,44706,44706,33033,11673,0
837,30,390002073,30,30,1.0,True,207,207,0,19,9,20,0.01617623704936836,512,44726,44726,33045,11681,0
838,40,398235573,40,40,1.0,False,193,193,1,40,21,45,0.016127708338220255,512,44771,44771,33072,11699,0
839,45,826304558,45,45,1.0,False,206,206,5,73,39,83,0.016079325213205594,512,44854,44854,33125,11729,0
840,50,220938405,50,50,1.0,False,258,258,9,133,73,143,0.016031087237565977,512,44997,44997,33214,11783,0
841,10,971518737,10,10,1.0,True,185,185,0,0,0,0,0.015982993975853278,512,44997,44997,33214,11783,0
842,20,198924582,20,20,1.0,True,201,201,0,15,7,15,0.01593504499392572,512,45012,45012,33217,11795,0
843,30,808720669,30,30,1.0,False,220,220,1,68,35,74,0.01588723985894394,512,45086,45086,33258,11828,0
844,40,700786482,40,40,1.0,False,216,216,2,65,36,68,0.015839578139367108,512,45154,45154,33300,11854,0
845,45,973019488,45,45,1.0,False,211,211,2,89,51,93,0.015792059404949006,512,45247,45247,33360,11887,0
846,50,332425898,50,50,1.0,False,217,217,3,126,67,143,0.015744683226734158,512,45390,45390,33446,11944,0
847,10,636173455,10,10,1.0,True,215,215,0,5,2,5,0.015697449177053957,512,45395,45395,33449,11946,0
848,20,61412623,20,20,1.0,True,199,199,0,9,7,11,0.015650356829522795,512,45406,45406,33454,11952,0
849,30,425069103,30,30,1.0,True,221,221,0,19,9,21,0.015603405759034227,512,45427,45427,33465,11962,0
850,40,856890874,40,40,1.0,True,184,184,0,21,8,21,0.015556595541757125,512,45448,45448,33481,11967,0
851,45,553186392,45,45,1.0,False,193,193,2,69,39,69,0.015509925755131854,512,45517,45517,33528,11989,0
852,50,237116058,50,50,1.0,False,200,200,7,118,63,123,0.015463395977866458,513,45640,45640,33609,12031,0
853,10,240313326,10,10,1.0,True,188,188,0,4,2,6,0.015417005789932858,513,45646,45646,33613,12033,0
854,20,565814460,20,20,1.0,True,192,192,0,12,6,13,0.015370754772563059,513,45659,45659,33623,12036,0
855,30,735446768,30,30,1.0,True,213,213,0,21,9,22,0.01532464250824537,513,45681,45681,33638,12043,0
856,40,555337682,40,40,1.0,False,208,208,1,42,22,47,0.015278668580720635,513,45728,45728,33673,12055,0
857,45,89358082,45,45,1.0,False,217,217,3,73,38,76,0.015232832574978473,513,45804,45804,33721,12083,0
858,50,811929342,50,50,1.0,False,218,218,6,109,60,114,0.015187134077253537,513,45918,45918,33805,12113,0
859,10,236925633,10,10,1.0,True,178,178,0,2,1,2,0.015141572675021775,513,45920,45920,33807,12113,0
860,20,581393530,20,20,1.0,True,201,201,0,4,2,4,0.01509614795699671,513,45924,45924,33810,12114,0
861,30,176477613,30,30,1.0,False,201,201,5,49,29,53,0.01505085951312572,513,45977,45977,33848,12129,0
862,40,916904465,40,40,1.0,False,226,226,1,78,41,91,0.015005706934586343,513,46068,46068,33909,12159,0
863,45,689021026,45,45,1.0,False,219,219,2,57,22,59,0.014960689813782584,513,46127,46127,33934,12193,0
864,50,554420169,50,50,1.0,False,207,207,3,54,37,65,0.014915807744341236,513,46192,46192,33974,12218,0
865,10,600032225,10,10,1.0,True,158,158,0,0,0,0,0.014871060321108211,513,46192,46192,33974,12218,0
866,20,545598089,20,20,1.0,True,199,199,0,21,9,24,0.014826447140144887,513,46216,46216,33993,12223,0
867,30,882357705,30,30,1.0,True,197,197,0,21,11,27,0.014781967798724451,513,46243,46243,34014,12229,0
868,40,298863524,40,40,1.0,False,199,199,1,31,15,35,0.014737621895328278,513,46278,46278,34041,12237,0
869,45,708291369,45,45,1.0,True,212,212,0,44,21,45,0.014693409029642293,513,46323,46323,34069,12254,0
870,50,814418934,50,50,1.0,False,205,205,6,76,43,82,0.014649328802553365,514,46405,46405,34124,12281,0
871,10,811002547,10,10,1.0,True,186,186,0,0,0,0,0.014605380816145706,514,46405,46405,34124,12281,0
872,20,315536042,20,20,1.0,True,197,197,0,15,6,15,0.014561564673697269,514,46420,46420,34135,12285,0
873,30,939189731,30,30,1.0,True,201,201,0,28,16,30,0.014517879979676178,514,46450,46450,34153,12297,0
874,40,889086551,40,40,1.0,False,210,210,1,45,25,46,0.014474326339737149,514,46496,46496,34178,12318,0
875,45,626432534,45,45,1.0,False,207,207,1,51,30,55,0.014430903360717938,514,46551,46551,34209,12342,0
876,50,876323706,50,50,1.0,False,203,203,2,77,42,79,0.014387610650635785,514,46630,46630,34265,12365,0
877,10,242055404,10,10,1.0,True,194,194,0,2,1,2,0.014344447818683877,514,46632,46632,34266,12366,0
878,20,850564458,20,20,1.0,True,181,181,0,9,3,9,0.014301414475227826,514,46641,46641,34274,12367,0
879,30,174626620,30,30,1.0,False,236,236,2,56,32,60,0.014258510231802142,514,46701,46701,34311,12390,0
880,40,919761229,40,40,1.0,False,202,202,1,34,15,34,0.014215734701106736,514,46735,46735,34333,12402,0
881,45,21889048,45,45,1.0,False,211,211,7,131,81,136,0.014173087497003415,514,46871,46871,34418,12453,0
882,50,880930817,50,50,1.0,False,208,208,1,109,56,122,0.014130568234512404,514,46993,46993,34491,12502,0
883,10,693310379,10,10,1.0,True,181,181,0,0,0,0,0.014088176529808866,514,46993,46993,34491,12502,0
884,20,422820886,20,20,1.0,True,193,193,0,10,5,12,0.01404591200021944,514,47005,47005,34496,12509,0
885,30,635117865,30,30,1.0,True,212,212,0,18,7,18,0.01400377426421878,514,47023,47023,34505,12518,0
886,40,868703841,40,40,1.0,True,272,272,0,79,42,86,0.013961762941426124,514,47109,47109,34549,12560,0
887,45,370612415,45,45,1.0,False,219,219,2,40,22,46,0.013919877652601845,514,47155,47155,34571,12584,0
888,50,432625271,50,50,1.0,False,217,217,10,151,86,166,0.01387811801964404,514,47321,47321,34680,12641,0
889,10,660264002,10,10,1.0,True,198,198,0,0,0,0,0.013836483665585108,514,47321,47321,34680,12641,0
890,20,199622274,20,20,1.0,True,208,208,0,4,2,4,0.013794974214588352,514,47325,47325,34682,12643,0
891,30,665666601,30,30,1.0,True,191,191,0,4,2,4,0.013753589291944587,514,47329,47329,34684,12645,0
892,40,458151491,40,40,1.0,False,191,191,2,43,27,46,0.013712328524068753,514,47375,47375,34714,12661,0
893,45,956448912,45,45,1.0,True,205,205,0,45,20,52,0.013671191538496547,514,47427,47427,34747,12680,0
894,50,985006681,50,50,1.0,False,228,228,4,89,45,97,0.013630177963881057,514,47524,47524,34814,12710,0
895,10,879684790,10,10,1.0,True,201,201,0,3,1,3,0.013589287429989414,514,47527,47527,34817,12710,0
896,20,954495466,20,20,1.0,True,181,181,0,11,7,14,0.013548519567699447,514,47541,47541,34825,12716,0
897,30,401416716,30,30,1.0,True,201,201,0,31,20,40,0.013507874008996348,514,47581,47581,34847,12734,0
898,40,6633117,40,40,1.0,False,197,197,1,39,16,43,0.013467350386969359,514,47624,47624,34875,12749,0
899,45,725733721,45,45,1.0,False,253,253,1,74,39,84,0.013426948335808452,514,47708,47708,34939,12769,0
900,50,7755463,50,50,1.0,True,209,209,0,49,21,56,0.013386667490801026,514,47764,47764,34975,12789,0
